1st_coordinate_abcissa,numerical,continous,214
1st_coordinate_ordinate,numerical,continous,194
2st_coordinate_abcissa,numerical,continous,218
2st_coordinate_ordinate,numerical,continous,189
3st_coordinate_abcissa,numerical,continous,217
3st_coordinate_ordinate,numerical,continous,195
4st_coordinate_abcissa,numerical,continous,216
4st_coordinate_ordinate,numerical,continous,200
5st_coordinate_abcissa,numerical,continous,216
5st_coordinate_ordinate,numerical,continous,193
6st_coordinate_abcissa,numerical,continous,211
6st_coordinate_ordinate,numerical,continous,197
7st_coordinate_abcissa,numerical,continous,217
7st_coordinate_ordinate,numerical,continous,187
8st_coordinate_abcissa,numerical,continous,201
8st_coordinate_ordinate,numerical,continous,194
9st_coordinate_abcissa,numerical,continous,211
9st_coordinate_ordinate,numerical,continous,191
10st_coordinate_abcissa,numerical,continous,217
10st_coordinate_ordinate,numerical,continous,189
11st_coordinate_abcissa,numerical,continous,216
11st_coordinate_ordinate,numerical,continous,190
12st_coordinate_abcissa,numerical,continous,218
12st_coordinate_ordinate,numerical,continous,185
13st_coordinate_abcissa,numerical,continous,219
13st_coordinate_ordinate,numerical,continous,191
14st_coordinate_abcissa,numerical,continous,214
14st_coordinate_ordinate,numerical,continous,186
15st_coordinate_abcissa,numerical,continous,213
15st_coordinate_ordinate,numerical,continous,187
16st_coordinate_abcissa,numerical,continous,218
16st_coordinate_ordinate,numerical,continous,194
17st_coordinate_abcissa,numerical,continous,214
17st_coordinate_ordinate,numerical,continous,184
18st_coordinate_abcissa,numerical,continous,217
18st_coordinate_ordinate,numerical,continous,179
19st_coordinate_abcissa,numerical,continous,213
19st_coordinate_ordinate,numerical,continous,181
20st_coordinate_abcissa,numerical,continous,202
20st_coordinate_ordinate,numerical,continous,184
21st_coordinate_abcissa,numerical,continous,212
21st_coordinate_ordinate,numerical,continous,176
22st_coordinate_abcissa,numerical,continous,207
22st_coordinate_ordinate,numerical,continous,175
23st_coordinate_abcissa,numerical,continous,206
23st_coordinate_ordinate,numerical,continous,179
24st_coordinate_abcissa,numerical,continous,208
24st_coordinate_ordinate,numerical,continous,172
25st_coordinate_abcissa,numerical,continous,213
25st_coordinate_ordinate,numerical,continous,179
26st_coordinate_abcissa,numerical,continous,222
26st_coordinate_ordinate,numerical,continous,182
27st_coordinate_abcissa,numerical,continous,201
27st_coordinate_ordinate,numerical,continous,177
28st_coordinate_abcissa,numerical,continous,210
28st_coordinate_ordinate,numerical,continous,178
29st_coordinate_abcissa,numerical,continous,214
29st_coordinate_ordinate,numerical,continous,182
30st_coordinate_abcissa,numerical,continous,214
30st_coordinate_ordinate,numerical,continous,189
31st_coordinate_abcissa,numerical,continous,214
31st_coordinate_ordinate,numerical,continous,176
32st_coordinate_abcissa,numerical,continous,199
32st_coordinate_ordinate,numerical,continous,184
33st_coordinate_abcissa,numerical,continous,232
33st_coordinate_ordinate,numerical,continous,185
34st_coordinate_abcissa,numerical,continous,219
34st_coordinate_ordinate,numerical,continous,176
35st_coordinate_abcissa,numerical,continous,219
35st_coordinate_ordinate,numerical,continous,182
36st_coordinate_abcissa,numerical,continous,222
36st_coordinate_ordinate,numerical,continous,183
37st_coordinate_abcissa,numerical,continous,227
37st_coordinate_ordinate,numerical,continous,197
38st_coordinate_abcissa,numerical,continous,220
38st_coordinate_ordinate,numerical,continous,192
39st_coordinate_abcissa,numerical,continous,227
39st_coordinate_ordinate,numerical,continous,189
40st_coordinate_abcissa,numerical,continous,222
40st_coordinate_ordinate,numerical,continous,196
41st_coordinate_abcissa,numerical,continous,229
41st_coordinate_ordinate,numerical,continous,196
42st_coordinate_abcissa,numerical,continous,231
42st_coordinate_ordinate,numerical,continous,195
43st_coordinate_abcissa,numerical,continous,225
43st_coordinate_ordinate,numerical,continous,193
44st_coordinate_abcissa,numerical,continous,228
44st_coordinate_ordinate,numerical,continous,211
45st_coordinate_abcissa,numerical,continous,235
45st_coordinate_ordinate,numerical,continous,208
target,numerical,discrete,15
