A1,numerical,continous,3739
A2,numerical,continous,3779
A3,numerical,continous,3807
A4,numerical,continous,3757
A5,numerical,continous,3760
A6,numerical,continous,3774
A7,numerical,continous,3764
A8,numerical,continous,3695
A9,numerical,continous,3765
A10,numerical,continous,3755
A11,numerical,continous,3786
A12,numerical,continous,3756
A13,numerical,continous,3751
A14,numerical,continous,3746
A15,numerical,continous,3745
A16,numerical,continous,3797
A17,numerical,continous,3725
A18,numerical,continous,3787
A19,numerical,continous,3742
A20,numerical,continous,3685
target,numerical,binary,2
