0,numerical,binary,2
1,numerical,discrete,1
2,numerical,continous,219
3,numerical,continous,269
4,numerical,continous,204
5,numerical,continous,259
6,numerical,continous,231
7,numerical,continous,260
8,numerical,continous,244
9,numerical,continous,267
10,numerical,continous,246
11,numerical,continous,269
12,numerical,continous,238
13,numerical,continous,266
14,numerical,continous,234
15,numerical,continous,270
16,numerical,continous,254
17,numerical,continous,280
18,numerical,continous,254
19,numerical,continous,266
20,numerical,continous,248
21,numerical,continous,265
22,numerical,continous,248
23,numerical,continous,264
24,numerical,continous,256
25,numerical,continous,273
26,numerical,continous,256
27,numerical,continous,281
28,numerical,continous,244
29,numerical,continous,266
30,numerical,continous,243
31,numerical,continous,263
32,numerical,continous,245
33,numerical,continous,263
target,numerical,binary,2
