id,numerical,continous,180
col_2,numerical,discrete,4
col_3,numerical,discrete,10
col_4,numerical,continous,26
col_5,numerical,continous,12
col_6,numerical,continous,68
col_7,numerical,continous,77
col_8,numerical,continous,63
col_9,numerical,discrete,8
col_10,numerical,discrete,5
col_11,numerical,binary,2
col_12,numerical,binary,2
col_13,numerical,binary,2
col_14,numerical,binary,2
col_15,numerical,binary,2
col_16,numerical,binary,2
col_17,numerical,binary,2
col_18,numerical,binary,2
col_19,numerical,binary,2
col_20,numerical,binary,2
col_21,numerical,binary,2
col_22,numerical,binary,2
col_23,numerical,binary,2
col_24,numerical,binary,2
col_25,numerical,binary,2
col_26,numerical,binary,2
col_27,numerical,binary,2
col_28,numerical,binary,2
col_29,numerical,binary,2
col_30,numerical,binary,2
col_31,numerical,binary,2
col_32,numerical,binary,2
target,numerical,binary,2
