state,numerical,discrete,51
account length,numerical,continous,218
area code,numerical,continous,3
phone number,numerical,discrete,5000
international plan,numerical,binary,2
voice mail plan,numerical,binary,2
number vmail messages,numerical,continous,48
total day minutes,numerical,continous,1961
total day calls,numerical,continous,123
total day charge,numerical,continous,1961
total eve minutes,numerical,continous,1879
total eve calls,numerical,continous,126
total eve charge,numerical,continous,1659
total night minutes,numerical,continous,1853
total night calls,numerical,continous,131
total night charge,numerical,continous,1028
total intl minutes,numerical,continous,170
total intl calls,numerical,continous,21
total intl charge,numerical,continous,170
number customer service calls,numerical,continous,10
target,numerical,binary,2
