A1,numerical,continous,177
A2,numerical,continous,182
A3,numerical,continous,190
A4,numerical,continous,181
A5,numerical,continous,193
A6,numerical,continous,196
A7,numerical,continous,195
A8,numerical,continous,201
A9,numerical,continous,205
A10,numerical,continous,207
A11,numerical,continous,203
A12,numerical,continous,206
A13,numerical,continous,198
A14,numerical,continous,202
A15,numerical,continous,203
A16,numerical,continous,203
A17,numerical,continous,202
A18,numerical,continous,204
A19,numerical,continous,206
A20,numerical,continous,203
A21,numerical,continous,200
A22,numerical,continous,203
A23,numerical,continous,199
A24,numerical,continous,201
A25,numerical,continous,198
A26,numerical,continous,194
A27,numerical,continous,190
A28,numerical,continous,194
A29,numerical,continous,197
A30,numerical,continous,202
A31,numerical,continous,207
A32,numerical,continous,205
A33,numerical,continous,205
A34,numerical,continous,206
A35,numerical,continous,205
A36,numerical,continous,205
A37,numerical,continous,206
A38,numerical,continous,206
A39,numerical,continous,204
A40,numerical,continous,206
A41,numerical,continous,204
A42,numerical,continous,208
A43,numerical,continous,205
A44,numerical,continous,196
A45,numerical,continous,205
A46,numerical,continous,199
A47,numerical,continous,202
A48,numerical,continous,204
A49,numerical,continous,193
A50,numerical,continous,154
A51,numerical,continous,160
A52,numerical,continous,144
A53,numerical,continous,134
A54,numerical,continous,134
A55,numerical,continous,129
A56,numerical,continous,122
A57,numerical,continous,121
A58,numerical,continous,124
A59,numerical,continous,119
A60,numerical,continous,109
target,numerical,binary,2
