A1,numerical,continous,98
A2,numerical,binary,2
A3,numerical,binary,2
A4,numerical,binary,2
A5,numerical,binary,2
A6,numerical,binary,2
A7,numerical,binary,2
A8,numerical,binary,2
A9,numerical,binary,2
A10,numerical,binary,2
A11,numerical,binary,2
A12,numerical,binary,2
A13,numerical,binary,2
A14,numerical,binary,2
A15,numerical,binary,2
A16,numerical,binary,2
A17,numerical,continous,326
A18,numerical,continous,85
A19,numerical,continous,272
A20,numerical,continous,161
A21,numerical,continous,466
target,numerical,discrete,3
