COMPACTNESS,numerical,continous,44
CIRCULARITY,numerical,continous,27
DISTANCE CIRCULARITY,numerical,continous,63
RADIUS RATIO,numerical,continous,134
PR AXIS ASPECT RATIO,numerical,continous,37
MAX LENGTH ASPECT RATIO,numerical,continous,21
SCATTER RATIO,numerical,continous,131
ELONGATEDNESS,numerical,continous,35
PR AXISRECTANGULAR,numerical,continous,13
LENGTHRECTANGULAR,numerical,continous,66
MAJORVARIANCE,numerical,continous,128
MINORVARIANCE,numerical,continous,424
GYRATIONRADIUS,numerical,continous,143
MAJORSKEWNESS,numerical,continous,39
MINORSKEWNESS,numerical,continous,23
MINORKURTOSIS,numerical,continous,41
MAJORKURTOSIS,numerical,continous,30
HOLLOWS RATIO,numerical,continous,31
target,numerical,discrete,4
