checking_status,numerical,discrete,4
duration,numerical,continous,33
credit_history,numerical,discrete,5
purpose,numerical,discrete,10
credit_amount,numerical,continous,921
savings_status,numerical,discrete,5
employment,numerical,discrete,5
installment_commitment,numerical,continous,4
personal_status,numerical,discrete,4
other_parties,numerical,discrete,3
residence_since,numerical,continous,4
property_magnitude,numerical,discrete,4
age,numerical,continous,53
other_payment_plans,numerical,discrete,3
housing,numerical,discrete,3
existing_credits,numerical,continous,4
job,numerical,discrete,4
num_dependents,numerical,binary,2
own_telephone,numerical,binary,2
foreign_worker,numerical,binary,2
target,numerical,binary,2
