cpu_avg_user,numerical,continous,813
cpu_avg_sys,numerical,continous,904
cpu_avg_busy,numerical,continous,901
cpu_avg_wait,numerical,continous,868
cpu_avg_idle,numerical,continous,895
cpu_avg_waste,numerical,continous,811
cpu_max_user,numerical,continous,624
cpu_max_sys,numerical,continous,870
cpu_max_busy,numerical,continous,897
cpu_max_wait,numerical,continous,843
cpu_max_idle,numerical,continous,867
cpu_max_waste,numerical,continous,636
cpu_frac_busy,numerical,continous,9
io_iget,numerical,continous,840
io_bread,numerical,continous,885
io_bwrite,numerical,continous,914
io_lread,numerical,continous,868
io_lwrite,numerical,binary,2
io_phread,numerical,continous,293
io_phwrite,numerical,continous,279
io_wcancel,numerical,continous,834
io_namei,numerical,continous,1
io_dirblk,numerical,continous,844
disk_avg_active,numerical,continous,854
disk_max_active,numerical,continous,4
disk_frac_active,numerical,continous,770
disk_avg_read,numerical,continous,755
disk_avg_write,numerical,continous,807
disk_avg_total,numerical,continous,656
disk_max_read,numerical,continous,663
disk_max_write,numerical,continous,745
disk_max_total,numerical,continous,3
disk_frac_busy,numerical,continous,819
net_avg_read,numerical,continous,882
net_avg_write,numerical,continous,829
net_avg_total,numerical,continous,830
net_max_read,numerical,continous,819
net_max_write,numerical,continous,844
net_max_total,numerical,continous,4
net_frac_busy,numerical,continous,1
mem_swap,numerical,continous,483
mem_fault,numerical,continous,30
mem_tlbflush,numerical,continous,896
syscall_total,numerical,continous,248
target,numerical,binary,2
