age,numerical,continous,41
sex,numerical,binary,2
chest,numerical,continous,4
resting_blood_pressure,numerical,continous,47
serum_cholestoral,numerical,continous,144
fasting_blood_sugar,numerical,binary,2
resting_electrocardiographic_results,numerical,continous,3
maximum_heart_rate_achieved,numerical,continous,90
exercise_induced_angina,numerical,binary,2
oldpeak,numerical,continous,39
slope,numerical,continous,3
number_of_major_vessels,numerical,continous,4
thal,numerical,continous,3
target,numerical,binary,2
