erythema,numerical,discrete,4
scaling,numerical,discrete,4
definite_borders,numerical,discrete,4
itching,numerical,discrete,4
koebner_phenomenon,numerical,discrete,4
polygonal_papules,numerical,discrete,4
follicular_papules,numerical,discrete,4
oral_mucosal_involvement,numerical,discrete,4
knee_and_elbow_involvement,numerical,discrete,4
scalp_involvement,numerical,discrete,4
family_history,numerical,binary,2
melanin_incontinence,numerical,discrete,4
eosinophils_in_the_infiltrate,numerical,discrete,3
PNL_infiltrate,numerical,discrete,4
fibrosis_of_the_papillary_dermis,numerical,discrete,4
exocytosis,numerical,discrete,4
acanthosis,numerical,discrete,4
hyperkeratosis,numerical,discrete,4
parakeratosis,numerical,discrete,4
clubbing_of_the_rete_ridges,numerical,discrete,4
elongation_of_the_rete_ridges,numerical,discrete,4
thinning_of_the_suprapapillary_epidermis,numerical,discrete,4
spongiform_pustule,numerical,discrete,4
munro_microabcess,numerical,discrete,4
focal_hypergranulosis,numerical,discrete,4
disappearance_of_the_granular_layer,numerical,discrete,4
vacuolisation_and_damage_of_basal_layer,numerical,discrete,4
spongiosis,numerical,discrete,4
saw-tooth_appearance_of_retes,numerical,discrete,4
follicular_horn_plug,numerical,discrete,4
perifollicular_parakeratosis,numerical,discrete,4
inflammatory_monoluclear_inflitrate,numerical,discrete,4
band-like_infiltrate,numerical,discrete,4
Age,numerical,discrete,61
target,numerical,discrete,6
