F1R,numerical,continous,39
F1S,numerical,continous,43
F2R,numerical,continous,34
F2S,numerical,continous,40
F3R,numerical,continous,44
F3S,numerical,continous,44
F4R,numerical,continous,37
F4S,numerical,continous,42
F5R,numerical,continous,37
F5S,numerical,continous,44
F6R,numerical,continous,33
F6S,numerical,continous,37
F7R,numerical,continous,39
F7S,numerical,continous,36
F8R,numerical,continous,46
F8S,numerical,continous,47
F9R,numerical,continous,37
F9S,numerical,continous,42
F10R,numerical,continous,41
F10S,numerical,continous,39
F11R,numerical,continous,32
F11S,numerical,continous,37
F12R,numerical,continous,40
F12S,numerical,continous,43
F13R,numerical,continous,56
F13S,numerical,continous,60
F14R,numerical,continous,42
F14S,numerical,continous,51
F15R,numerical,continous,49
F15S,numerical,continous,51
F16R,numerical,continous,29
F16S,numerical,continous,36
F17R,numerical,continous,36
F17S,numerical,continous,38
F18R,numerical,continous,36
F18S,numerical,continous,44
F19R,numerical,continous,37
F19S,numerical,continous,40
F20R,numerical,continous,51
F20S,numerical,continous,50
F21R,numerical,continous,56
F21S,numerical,continous,61
F22R,numerical,continous,52
F22S,numerical,continous,59
target,numerical,binary,2
