N0,numerical,discrete,3
N1,numerical,discrete,3
N2,numerical,discrete,3
N3,numerical,discrete,3
N4,numerical,discrete,3
N5,numerical,discrete,3
N6,numerical,discrete,3
N7,numerical,discrete,3
N8,numerical,binary,2
N9,numerical,discrete,3
N10,numerical,discrete,3
N11,numerical,discrete,3
N12,numerical,discrete,3
N13,numerical,discrete,3
N14,numerical,discrete,3
N15,numerical,discrete,3
M0P0,numerical,discrete,3
M0P1,numerical,discrete,3
M1P0,numerical,discrete,3
M1P1,numerical,discrete,3
target,numerical,binary,2
