AGE,numerical,continous,49
SEX,numerical,binary,2
STEROID,numerical,discrete,3
ANTIVIRALS,numerical,binary,2
FATIGUE,numerical,discrete,3
MALAISE,numerical,discrete,3
ANOREXIA,numerical,discrete,3
LIVER BIG,numerical,discrete,3
LIVER FIRM,numerical,discrete,3
SPLEEN PALPABLE,numerical,discrete,3
SPIDERS,numerical,discrete,3
ASCITES,numerical,discrete,3
VARICES,numerical,discrete,3
BILIRUBIN,numerical,discrete,35
ALK PHOSPHATE,numerical,discrete,84
SGOT,numerical,discrete,85
ALBUMIN,numerical,discrete,30
PROTIME,numerical,discrete,45
HISTOLOGY,numerical,binary,2
target,numerical,binary,2
