A1,numerical,continous,861
A2,numerical,continous,979
A3,numerical,continous,1199
A4,numerical,continous,1072
A5,numerical,continous,1025
A6,numerical,continous,961
A7,numerical,continous,965
A8,numerical,continous,1003
A9,numerical,continous,1032
A10,numerical,continous,1234
A11,numerical,continous,861
A12,numerical,continous,894
A13,numerical,continous,1300
A14,numerical,continous,696
A15,numerical,continous,810
A16,numerical,continous,727
A17,numerical,continous,805
A18,numerical,continous,899
A19,numerical,continous,852
A20,numerical,continous,1282
A21,numerical,continous,861
A22,numerical,continous,990
A23,numerical,continous,1223
A24,numerical,continous,1150
A25,numerical,continous,1112
A26,numerical,continous,1100
A27,numerical,continous,1010
A28,numerical,continous,1082
A29,numerical,continous,1110
A30,numerical,continous,1217
A31,numerical,continous,861
A32,numerical,continous,898
A33,numerical,continous,1309
A34,numerical,continous,742
A35,numerical,continous,838
A36,numerical,continous,750
A37,numerical,continous,797
A38,numerical,continous,921
A39,numerical,continous,865
A40,numerical,continous,1252
target,numerical,discrete,11
