N0,numerical,discrete,3
N1,numerical,binary,2
N2,numerical,discrete,3
N3,numerical,discrete,3
N4,numerical,discrete,3
N5,numerical,discrete,3
N6,numerical,discrete,3
N7,numerical,discrete,3
N8,numerical,discrete,3
N9,numerical,discrete,3
N10,numerical,discrete,3
N11,numerical,discrete,3
N12,numerical,discrete,3
N13,numerical,discrete,3
N14,numerical,discrete,3
N15,numerical,discrete,3
N16,numerical,discrete,3
N17,numerical,discrete,3
N18,numerical,discrete,3
N19,numerical,discrete,3
N20,numerical,binary,2
N21,numerical,discrete,3
N22,numerical,discrete,3
N23,numerical,discrete,3
N24,numerical,discrete,3
N25,numerical,discrete,3
N26,numerical,discrete,3
N27,numerical,discrete,3
N28,numerical,discrete,3
N29,numerical,discrete,3
N30,numerical,discrete,3
N31,numerical,binary,2
N32,numerical,discrete,3
N33,numerical,discrete,3
N34,numerical,discrete,3
N35,numerical,binary,2
N36,numerical,discrete,3
N37,numerical,discrete,3
N38,numerical,discrete,3
N39,numerical,discrete,3
N40,numerical,discrete,3
N41,numerical,discrete,3
N42,numerical,discrete,3
N43,numerical,discrete,3
N44,numerical,discrete,3
N45,numerical,discrete,3
N46,numerical,discrete,3
N47,numerical,discrete,3
N48,numerical,discrete,3
N49,numerical,discrete,3
N50,numerical,discrete,3
N51,numerical,discrete,3
N52,numerical,discrete,3
N53,numerical,discrete,3
N54,numerical,discrete,3
N55,numerical,discrete,3
N56,numerical,discrete,3
N57,numerical,discrete,3
N58,numerical,discrete,3
N59,numerical,discrete,3
N60,numerical,discrete,3
N61,numerical,binary,2
N62,numerical,discrete,3
N63,numerical,discrete,3
N64,numerical,discrete,3
N65,numerical,discrete,3
N66,numerical,discrete,3
N67,numerical,discrete,3
N68,numerical,discrete,3
N69,numerical,discrete,3
N70,numerical,discrete,3
N71,numerical,discrete,3
N72,numerical,discrete,3
N73,numerical,discrete,3
N74,numerical,discrete,3
N75,numerical,discrete,3
N76,numerical,discrete,3
N77,numerical,discrete,3
N78,numerical,binary,2
N79,numerical,discrete,3
N80,numerical,discrete,3
N81,numerical,binary,2
N82,numerical,discrete,3
N83,numerical,discrete,3
N84,numerical,discrete,3
N85,numerical,discrete,3
N86,numerical,discrete,3
N87,numerical,discrete,3
N88,numerical,discrete,3
N89,numerical,discrete,3
N90,numerical,discrete,3
N91,numerical,discrete,3
N92,numerical,discrete,3
N93,numerical,binary,2
N94,numerical,discrete,3
N95,numerical,discrete,3
N96,numerical,discrete,3
N97,numerical,discrete,3
N98,numerical,discrete,3
N99,numerical,binary,2
N100,numerical,discrete,3
N101,numerical,discrete,3
N102,numerical,discrete,3
N103,numerical,discrete,3
N104,numerical,discrete,3
N105,numerical,discrete,3
N106,numerical,discrete,3
N107,numerical,discrete,3
N108,numerical,discrete,3
N109,numerical,discrete,3
N110,numerical,discrete,3
N111,numerical,discrete,3
N112,numerical,discrete,3
N113,numerical,discrete,3
N114,numerical,discrete,3
N115,numerical,discrete,3
N116,numerical,discrete,3
N117,numerical,discrete,3
N118,numerical,discrete,3
N119,numerical,discrete,3
N120,numerical,discrete,3
N121,numerical,discrete,3
N122,numerical,discrete,3
N123,numerical,discrete,3
N124,numerical,discrete,3
N125,numerical,discrete,3
N126,numerical,discrete,3
N127,numerical,discrete,3
N128,numerical,discrete,3
N129,numerical,discrete,3
N130,numerical,discrete,3
N131,numerical,discrete,3
N132,numerical,discrete,3
N133,numerical,discrete,3
N134,numerical,discrete,3
N135,numerical,discrete,3
N136,numerical,discrete,3
N137,numerical,discrete,3
N138,numerical,discrete,3
N139,numerical,discrete,3
N140,numerical,discrete,3
N141,numerical,discrete,3
N142,numerical,discrete,3
N143,numerical,discrete,3
N144,numerical,discrete,3
N145,numerical,discrete,3
N146,numerical,discrete,3
N147,numerical,discrete,3
N148,numerical,discrete,3
N149,numerical,discrete,3
N150,numerical,discrete,3
N151,numerical,discrete,3
N152,numerical,discrete,3
N153,numerical,discrete,3
N154,numerical,discrete,3
N155,numerical,discrete,3
N156,numerical,binary,2
N157,numerical,discrete,3
N158,numerical,discrete,3
N159,numerical,discrete,3
N160,numerical,discrete,3
N161,numerical,discrete,3
N162,numerical,discrete,3
N163,numerical,discrete,3
N164,numerical,discrete,3
N165,numerical,discrete,3
N166,numerical,discrete,3
N167,numerical,discrete,3
N168,numerical,discrete,3
N169,numerical,discrete,3
N170,numerical,discrete,3
N171,numerical,discrete,3
N172,numerical,discrete,3
N173,numerical,discrete,3
N174,numerical,discrete,3
N175,numerical,discrete,3
N176,numerical,discrete,3
N177,numerical,discrete,3
N178,numerical,discrete,3
N179,numerical,discrete,3
N180,numerical,discrete,3
N181,numerical,discrete,3
N182,numerical,discrete,3
N183,numerical,discrete,3
N184,numerical,discrete,3
N185,numerical,discrete,3
N186,numerical,discrete,3
N187,numerical,discrete,3
N188,numerical,discrete,3
N189,numerical,discrete,3
N190,numerical,discrete,3
N191,numerical,discrete,3
N192,numerical,discrete,3
N193,numerical,discrete,3
N194,numerical,discrete,3
N195,numerical,discrete,3
N196,numerical,discrete,3
N197,numerical,discrete,3
N198,numerical,discrete,3
N199,numerical,discrete,3
N200,numerical,discrete,3
N201,numerical,discrete,3
N202,numerical,discrete,3
N203,numerical,discrete,3
N204,numerical,discrete,3
N205,numerical,discrete,3
N206,numerical,discrete,3
N207,numerical,discrete,3
N208,numerical,discrete,3
N209,numerical,discrete,3
N210,numerical,discrete,3
N211,numerical,discrete,3
N212,numerical,discrete,3
N213,numerical,discrete,3
N214,numerical,discrete,3
N215,numerical,discrete,3
N216,numerical,discrete,3
N217,numerical,discrete,3
N218,numerical,discrete,3
N219,numerical,discrete,3
N220,numerical,discrete,3
N221,numerical,discrete,3
N222,numerical,discrete,3
N223,numerical,discrete,3
N224,numerical,discrete,3
N225,numerical,discrete,3
N226,numerical,discrete,3
N227,numerical,discrete,3
N228,numerical,discrete,3
N229,numerical,discrete,3
N230,numerical,discrete,3
N231,numerical,discrete,3
N232,numerical,discrete,3
N233,numerical,discrete,3
N234,numerical,binary,2
N235,numerical,discrete,3
N236,numerical,discrete,3
N237,numerical,discrete,3
N238,numerical,discrete,3
N239,numerical,discrete,3
N240,numerical,discrete,3
N241,numerical,discrete,3
N242,numerical,discrete,3
N243,numerical,discrete,3
N244,numerical,discrete,3
N245,numerical,discrete,3
N246,numerical,discrete,3
N247,numerical,discrete,3
N248,numerical,discrete,3
N249,numerical,discrete,3
N250,numerical,discrete,3
N251,numerical,discrete,3
N252,numerical,discrete,3
N253,numerical,discrete,3
N254,numerical,discrete,3
N255,numerical,discrete,3
N256,numerical,discrete,3
N257,numerical,discrete,3
N258,numerical,discrete,3
N259,numerical,discrete,3
N260,numerical,discrete,3
N261,numerical,discrete,3
N262,numerical,discrete,3
N263,numerical,discrete,3
N264,numerical,discrete,3
N265,numerical,discrete,3
N266,numerical,discrete,3
N267,numerical,discrete,3
N268,numerical,discrete,3
N269,numerical,discrete,3
N270,numerical,discrete,3
N271,numerical,discrete,3
N272,numerical,discrete,3
N273,numerical,discrete,3
N274,numerical,discrete,3
N275,numerical,discrete,3
N276,numerical,discrete,3
N277,numerical,discrete,3
N278,numerical,discrete,3
N279,numerical,discrete,3
N280,numerical,discrete,3
N281,numerical,discrete,3
N282,numerical,discrete,3
N283,numerical,discrete,3
N284,numerical,discrete,3
N285,numerical,discrete,3
N286,numerical,discrete,3
N287,numerical,discrete,3
N288,numerical,discrete,3
N289,numerical,discrete,3
N290,numerical,discrete,3
N291,numerical,discrete,3
N292,numerical,discrete,3
N293,numerical,binary,2
N294,numerical,discrete,3
N295,numerical,discrete,3
N296,numerical,discrete,3
N297,numerical,discrete,3
N298,numerical,discrete,3
N299,numerical,discrete,3
N300,numerical,discrete,3
N301,numerical,discrete,3
N302,numerical,discrete,3
N303,numerical,discrete,3
N304,numerical,discrete,3
N305,numerical,discrete,3
N306,numerical,discrete,3
N307,numerical,discrete,3
N308,numerical,discrete,3
N309,numerical,discrete,3
N310,numerical,discrete,3
N311,numerical,discrete,3
N312,numerical,discrete,3
N313,numerical,discrete,3
N314,numerical,discrete,3
N315,numerical,discrete,3
N316,numerical,discrete,3
N317,numerical,discrete,3
N318,numerical,discrete,3
N319,numerical,discrete,3
N320,numerical,discrete,3
N321,numerical,discrete,3
N322,numerical,discrete,3
N323,numerical,discrete,3
N324,numerical,discrete,3
N325,numerical,discrete,3
N326,numerical,discrete,3
N327,numerical,discrete,3
N328,numerical,discrete,3
N329,numerical,discrete,3
N330,numerical,discrete,3
N331,numerical,discrete,3
N332,numerical,discrete,3
N333,numerical,discrete,3
N334,numerical,discrete,3
N335,numerical,discrete,3
N336,numerical,discrete,3
N337,numerical,discrete,3
N338,numerical,discrete,3
N339,numerical,discrete,3
N340,numerical,discrete,3
N341,numerical,discrete,3
N342,numerical,discrete,3
N343,numerical,discrete,3
N344,numerical,discrete,3
N345,numerical,discrete,3
N346,numerical,discrete,3
N347,numerical,discrete,3
N348,numerical,discrete,3
N349,numerical,discrete,3
N350,numerical,discrete,3
N351,numerical,discrete,3
N352,numerical,discrete,3
N353,numerical,discrete,3
N354,numerical,discrete,3
N355,numerical,binary,2
N356,numerical,discrete,3
N357,numerical,discrete,3
N358,numerical,discrete,3
N359,numerical,discrete,3
N360,numerical,discrete,3
N361,numerical,discrete,3
N362,numerical,discrete,3
N363,numerical,discrete,3
N364,numerical,discrete,3
N365,numerical,discrete,3
N366,numerical,discrete,3
N367,numerical,discrete,3
N368,numerical,discrete,3
N369,numerical,discrete,3
N370,numerical,discrete,3
N371,numerical,discrete,3
N372,numerical,discrete,3
N373,numerical,discrete,3
N374,numerical,discrete,3
N375,numerical,discrete,3
N376,numerical,discrete,3
N377,numerical,discrete,3
N378,numerical,discrete,3
N379,numerical,discrete,3
N380,numerical,discrete,3
N381,numerical,discrete,3
N382,numerical,discrete,3
N383,numerical,discrete,3
N384,numerical,discrete,3
N385,numerical,discrete,3
N386,numerical,discrete,3
N387,numerical,discrete,3
N388,numerical,discrete,3
N389,numerical,discrete,3
N390,numerical,discrete,3
N391,numerical,discrete,3
N392,numerical,discrete,3
N393,numerical,discrete,3
N394,numerical,discrete,3
N395,numerical,discrete,3
N396,numerical,discrete,3
N397,numerical,discrete,3
N398,numerical,discrete,3
N399,numerical,discrete,3
N400,numerical,discrete,3
N401,numerical,discrete,3
N402,numerical,discrete,3
N403,numerical,discrete,3
N404,numerical,discrete,3
N405,numerical,discrete,3
N406,numerical,discrete,3
N407,numerical,discrete,3
N408,numerical,discrete,3
N409,numerical,discrete,3
N410,numerical,discrete,3
N411,numerical,discrete,3
N412,numerical,discrete,3
N413,numerical,discrete,3
N414,numerical,discrete,3
N415,numerical,discrete,3
N416,numerical,discrete,3
N417,numerical,discrete,3
N418,numerical,discrete,3
N419,numerical,discrete,3
N420,numerical,discrete,3
N421,numerical,discrete,3
N422,numerical,discrete,3
N423,numerical,discrete,3
N424,numerical,discrete,3
N425,numerical,discrete,3
N426,numerical,discrete,3
N427,numerical,binary,2
N428,numerical,discrete,3
N429,numerical,discrete,3
N430,numerical,discrete,3
N431,numerical,discrete,3
N432,numerical,discrete,3
N433,numerical,discrete,3
N434,numerical,discrete,3
N435,numerical,discrete,3
N436,numerical,discrete,3
N437,numerical,discrete,3
N438,numerical,discrete,3
N439,numerical,discrete,3
N440,numerical,discrete,3
N441,numerical,discrete,3
N442,numerical,discrete,3
N443,numerical,discrete,3
N444,numerical,discrete,3
N445,numerical,discrete,3
N446,numerical,discrete,3
N447,numerical,discrete,3
N448,numerical,discrete,3
N449,numerical,discrete,3
N450,numerical,discrete,3
N451,numerical,discrete,3
N452,numerical,discrete,3
N453,numerical,discrete,3
N454,numerical,discrete,3
N455,numerical,discrete,3
N456,numerical,discrete,3
N457,numerical,discrete,3
N458,numerical,discrete,3
N459,numerical,discrete,3
N460,numerical,discrete,3
N461,numerical,discrete,3
N462,numerical,discrete,3
N463,numerical,discrete,3
N464,numerical,discrete,3
N465,numerical,discrete,3
N466,numerical,discrete,3
N467,numerical,discrete,3
N468,numerical,discrete,3
N469,numerical,discrete,3
N470,numerical,discrete,3
N471,numerical,discrete,3
N472,numerical,discrete,3
N473,numerical,binary,2
N474,numerical,discrete,3
N475,numerical,discrete,3
N476,numerical,discrete,3
N477,numerical,discrete,3
N478,numerical,discrete,3
N479,numerical,discrete,3
N480,numerical,binary,2
N481,numerical,discrete,3
N482,numerical,discrete,3
N483,numerical,discrete,3
N484,numerical,discrete,3
N485,numerical,discrete,3
N486,numerical,discrete,3
N487,numerical,discrete,3
N488,numerical,discrete,3
N489,numerical,discrete,3
N490,numerical,discrete,3
N491,numerical,discrete,3
N492,numerical,discrete,3
N493,numerical,discrete,3
N494,numerical,discrete,3
N495,numerical,discrete,3
N496,numerical,discrete,3
N497,numerical,discrete,3
N498,numerical,discrete,3
N499,numerical,discrete,3
N500,numerical,discrete,3
N501,numerical,discrete,3
N502,numerical,discrete,3
N503,numerical,discrete,3
N504,numerical,discrete,3
N505,numerical,discrete,3
N506,numerical,discrete,3
N507,numerical,discrete,3
N508,numerical,discrete,3
N509,numerical,discrete,3
N510,numerical,discrete,3
N511,numerical,discrete,3
N512,numerical,discrete,3
N513,numerical,discrete,3
N514,numerical,discrete,3
N515,numerical,discrete,3
N516,numerical,discrete,3
N517,numerical,discrete,3
N518,numerical,discrete,3
N519,numerical,discrete,3
N520,numerical,discrete,3
N521,numerical,discrete,3
N522,numerical,discrete,3
N523,numerical,discrete,3
N524,numerical,binary,2
N525,numerical,discrete,3
N526,numerical,discrete,3
N527,numerical,discrete,3
N528,numerical,discrete,3
N529,numerical,discrete,3
N530,numerical,discrete,3
N531,numerical,discrete,3
N532,numerical,discrete,3
N533,numerical,discrete,3
N534,numerical,discrete,3
N535,numerical,discrete,3
N536,numerical,discrete,3
N537,numerical,discrete,3
N538,numerical,discrete,3
N539,numerical,discrete,3
N540,numerical,discrete,3
N541,numerical,binary,2
N542,numerical,discrete,3
N543,numerical,binary,2
N544,numerical,discrete,3
N545,numerical,discrete,3
N546,numerical,discrete,3
N547,numerical,discrete,3
N548,numerical,discrete,3
N549,numerical,discrete,3
N550,numerical,discrete,3
N551,numerical,discrete,3
N552,numerical,discrete,3
N553,numerical,discrete,3
N554,numerical,discrete,3
N555,numerical,discrete,3
N556,numerical,discrete,3
N557,numerical,discrete,3
N558,numerical,discrete,3
N559,numerical,discrete,3
N560,numerical,discrete,3
N561,numerical,discrete,3
N562,numerical,discrete,3
N563,numerical,discrete,3
N564,numerical,discrete,3
N565,numerical,discrete,3
N566,numerical,discrete,3
N567,numerical,discrete,3
N568,numerical,discrete,3
N569,numerical,discrete,3
N570,numerical,discrete,3
N571,numerical,discrete,3
N572,numerical,discrete,3
N573,numerical,discrete,3
N574,numerical,discrete,3
N575,numerical,discrete,3
N576,numerical,discrete,3
N577,numerical,discrete,3
N578,numerical,discrete,3
N579,numerical,discrete,3
N580,numerical,discrete,3
N581,numerical,discrete,3
N582,numerical,discrete,3
N583,numerical,discrete,3
N584,numerical,discrete,3
N585,numerical,discrete,3
N586,numerical,discrete,3
N587,numerical,discrete,3
N588,numerical,discrete,3
N589,numerical,discrete,3
N590,numerical,discrete,3
N591,numerical,discrete,3
N592,numerical,discrete,3
N593,numerical,discrete,3
N594,numerical,discrete,3
N595,numerical,discrete,3
N596,numerical,discrete,3
N597,numerical,discrete,3
N598,numerical,discrete,3
N599,numerical,discrete,3
N600,numerical,discrete,3
N601,numerical,discrete,3
N602,numerical,discrete,3
N603,numerical,discrete,3
N604,numerical,discrete,3
N605,numerical,discrete,3
N606,numerical,discrete,3
N607,numerical,discrete,3
N608,numerical,discrete,3
N609,numerical,discrete,3
N610,numerical,discrete,3
N611,numerical,discrete,3
N612,numerical,discrete,3
N613,numerical,discrete,3
N614,numerical,discrete,3
N615,numerical,discrete,3
N616,numerical,binary,2
N617,numerical,binary,2
N618,numerical,discrete,3
N619,numerical,discrete,3
N620,numerical,discrete,3
N621,numerical,discrete,3
N622,numerical,discrete,3
N623,numerical,discrete,3
N624,numerical,discrete,3
N625,numerical,discrete,3
N626,numerical,discrete,3
N627,numerical,discrete,3
N628,numerical,discrete,3
N629,numerical,discrete,3
N630,numerical,discrete,3
N631,numerical,discrete,3
N632,numerical,discrete,3
N633,numerical,discrete,3
N634,numerical,discrete,3
N635,numerical,discrete,3
N636,numerical,discrete,3
N637,numerical,discrete,3
N638,numerical,discrete,3
N639,numerical,discrete,3
N640,numerical,discrete,3
N641,numerical,discrete,3
N642,numerical,discrete,3
N643,numerical,discrete,3
N644,numerical,discrete,3
N645,numerical,discrete,3
N646,numerical,discrete,3
N647,numerical,discrete,3
N648,numerical,discrete,3
N649,numerical,discrete,3
N650,numerical,discrete,3
N651,numerical,discrete,3
N652,numerical,discrete,3
N653,numerical,discrete,3
N654,numerical,discrete,3
N655,numerical,discrete,3
N656,numerical,discrete,3
N657,numerical,discrete,3
N658,numerical,discrete,3
N659,numerical,binary,2
N660,numerical,discrete,3
N661,numerical,discrete,3
N662,numerical,discrete,3
N663,numerical,discrete,3
N664,numerical,discrete,3
N665,numerical,discrete,3
N666,numerical,discrete,3
N667,numerical,discrete,3
N668,numerical,discrete,3
N669,numerical,discrete,3
N670,numerical,discrete,3
N671,numerical,discrete,3
N672,numerical,discrete,3
N673,numerical,discrete,3
N674,numerical,discrete,3
N675,numerical,discrete,3
N676,numerical,discrete,3
N677,numerical,discrete,3
N678,numerical,discrete,3
N679,numerical,discrete,3
N680,numerical,discrete,3
N681,numerical,discrete,3
N682,numerical,discrete,3
N683,numerical,discrete,3
N684,numerical,discrete,3
N685,numerical,discrete,3
N686,numerical,discrete,3
N687,numerical,discrete,3
N688,numerical,discrete,3
N689,numerical,discrete,3
N690,numerical,discrete,3
N691,numerical,discrete,3
N692,numerical,discrete,3
N693,numerical,discrete,3
N694,numerical,discrete,3
N695,numerical,discrete,3
N696,numerical,discrete,3
N697,numerical,discrete,3
N698,numerical,discrete,3
N699,numerical,discrete,3
N700,numerical,discrete,3
N701,numerical,discrete,3
N702,numerical,discrete,3
N703,numerical,discrete,3
N704,numerical,discrete,3
N705,numerical,discrete,3
N706,numerical,discrete,3
N707,numerical,discrete,3
N708,numerical,discrete,3
N709,numerical,discrete,3
N710,numerical,discrete,3
N711,numerical,discrete,3
N712,numerical,discrete,3
N713,numerical,discrete,3
N714,numerical,discrete,3
N715,numerical,discrete,3
N716,numerical,discrete,3
N717,numerical,discrete,3
N718,numerical,discrete,3
N719,numerical,discrete,3
N720,numerical,discrete,3
N721,numerical,discrete,3
N722,numerical,discrete,3
N723,numerical,discrete,3
N724,numerical,binary,2
N725,numerical,binary,2
N726,numerical,discrete,3
N727,numerical,discrete,3
N728,numerical,discrete,3
N729,numerical,discrete,3
N730,numerical,discrete,3
N731,numerical,discrete,3
N732,numerical,discrete,3
N733,numerical,discrete,3
N734,numerical,discrete,3
N735,numerical,discrete,3
N736,numerical,discrete,3
N737,numerical,discrete,3
N738,numerical,discrete,3
N739,numerical,discrete,3
N740,numerical,discrete,3
N741,numerical,discrete,3
N742,numerical,discrete,3
N743,numerical,discrete,3
N744,numerical,discrete,3
N745,numerical,discrete,3
N746,numerical,discrete,3
N747,numerical,discrete,3
N748,numerical,discrete,3
N749,numerical,discrete,3
N750,numerical,discrete,3
N751,numerical,discrete,3
N752,numerical,discrete,3
N753,numerical,discrete,3
N754,numerical,discrete,3
N755,numerical,discrete,3
N756,numerical,discrete,3
N757,numerical,discrete,3
N758,numerical,discrete,3
N759,numerical,discrete,3
N760,numerical,discrete,3
N761,numerical,discrete,3
N762,numerical,discrete,3
N763,numerical,discrete,3
N764,numerical,discrete,3
N765,numerical,discrete,3
N766,numerical,discrete,3
N767,numerical,discrete,3
N768,numerical,discrete,3
N769,numerical,discrete,3
N770,numerical,discrete,3
N771,numerical,discrete,3
N772,numerical,discrete,3
N773,numerical,discrete,3
N774,numerical,discrete,3
N775,numerical,discrete,3
N776,numerical,discrete,3
N777,numerical,discrete,3
N778,numerical,discrete,3
N779,numerical,discrete,3
N780,numerical,discrete,3
N781,numerical,discrete,3
N782,numerical,discrete,3
N783,numerical,discrete,3
N784,numerical,discrete,3
N785,numerical,discrete,3
N786,numerical,discrete,3
N787,numerical,discrete,3
N788,numerical,discrete,3
N789,numerical,discrete,3
N790,numerical,discrete,3
N791,numerical,discrete,3
N792,numerical,discrete,3
N793,numerical,discrete,3
N794,numerical,discrete,3
N795,numerical,discrete,3
N796,numerical,discrete,3
N797,numerical,discrete,3
N798,numerical,discrete,3
N799,numerical,discrete,3
N800,numerical,discrete,3
N801,numerical,discrete,3
N802,numerical,discrete,3
N803,numerical,binary,2
N804,numerical,discrete,3
N805,numerical,discrete,3
N806,numerical,discrete,3
N807,numerical,discrete,3
N808,numerical,discrete,3
N809,numerical,discrete,3
N810,numerical,discrete,3
N811,numerical,discrete,3
N812,numerical,discrete,3
N813,numerical,discrete,3
N814,numerical,discrete,3
N815,numerical,discrete,3
N816,numerical,discrete,3
N817,numerical,discrete,3
N818,numerical,discrete,3
N819,numerical,discrete,3
N820,numerical,discrete,3
N821,numerical,discrete,3
N822,numerical,discrete,3
N823,numerical,discrete,3
N824,numerical,discrete,3
N825,numerical,discrete,3
N826,numerical,discrete,3
N827,numerical,discrete,3
N828,numerical,discrete,3
N829,numerical,discrete,3
N830,numerical,discrete,3
N831,numerical,discrete,3
N832,numerical,discrete,3
N833,numerical,discrete,3
N834,numerical,discrete,3
N835,numerical,binary,2
N836,numerical,discrete,3
N837,numerical,discrete,3
N838,numerical,discrete,3
N839,numerical,discrete,3
N840,numerical,discrete,3
N841,numerical,discrete,3
N842,numerical,discrete,3
N843,numerical,discrete,3
N844,numerical,discrete,3
N845,numerical,discrete,3
N846,numerical,discrete,3
N847,numerical,discrete,3
N848,numerical,discrete,3
N849,numerical,discrete,3
N850,numerical,discrete,3
N851,numerical,discrete,3
N852,numerical,discrete,3
N853,numerical,discrete,3
N854,numerical,discrete,3
N855,numerical,discrete,3
N856,numerical,discrete,3
N857,numerical,discrete,3
N858,numerical,discrete,3
N859,numerical,discrete,3
N860,numerical,discrete,3
N861,numerical,discrete,3
N862,numerical,discrete,3
N863,numerical,discrete,3
N864,numerical,discrete,3
N865,numerical,discrete,3
N866,numerical,discrete,3
N867,numerical,discrete,3
N868,numerical,discrete,3
N869,numerical,discrete,3
N870,numerical,discrete,3
N871,numerical,discrete,3
N872,numerical,discrete,3
N873,numerical,discrete,3
N874,numerical,discrete,3
N875,numerical,discrete,3
N876,numerical,discrete,3
N877,numerical,discrete,3
N878,numerical,discrete,3
N879,numerical,discrete,3
N880,numerical,discrete,3
N881,numerical,discrete,3
N882,numerical,discrete,3
N883,numerical,discrete,3
N884,numerical,discrete,3
N885,numerical,discrete,3
N886,numerical,discrete,3
N887,numerical,discrete,3
N888,numerical,discrete,3
N889,numerical,discrete,3
N890,numerical,discrete,3
N891,numerical,discrete,3
N892,numerical,discrete,3
N893,numerical,discrete,3
N894,numerical,discrete,3
N895,numerical,discrete,3
N896,numerical,discrete,3
N897,numerical,discrete,3
N898,numerical,discrete,3
N899,numerical,discrete,3
N900,numerical,discrete,3
N901,numerical,discrete,3
N902,numerical,discrete,3
N903,numerical,discrete,3
N904,numerical,discrete,3
N905,numerical,discrete,3
N906,numerical,discrete,3
N907,numerical,discrete,3
N908,numerical,binary,2
N909,numerical,discrete,3
N910,numerical,discrete,3
N911,numerical,discrete,3
N912,numerical,discrete,3
N913,numerical,discrete,3
N914,numerical,discrete,3
N915,numerical,binary,2
N916,numerical,discrete,3
N917,numerical,discrete,3
N918,numerical,discrete,3
N919,numerical,discrete,3
N920,numerical,discrete,3
N921,numerical,discrete,3
N922,numerical,discrete,3
N923,numerical,discrete,3
N924,numerical,discrete,3
N925,numerical,discrete,3
N926,numerical,discrete,3
N927,numerical,binary,2
N928,numerical,discrete,3
N929,numerical,discrete,3
N930,numerical,discrete,3
N931,numerical,discrete,3
N932,numerical,discrete,3
N933,numerical,discrete,3
N934,numerical,discrete,3
N935,numerical,discrete,3
N936,numerical,discrete,3
N937,numerical,discrete,3
N938,numerical,discrete,3
N939,numerical,discrete,3
N940,numerical,discrete,3
N941,numerical,discrete,3
N942,numerical,discrete,3
N943,numerical,discrete,3
N944,numerical,discrete,3
N945,numerical,discrete,3
N946,numerical,discrete,3
N947,numerical,discrete,3
N948,numerical,discrete,3
N949,numerical,discrete,3
N950,numerical,discrete,3
N951,numerical,discrete,3
N952,numerical,discrete,3
N953,numerical,discrete,3
N954,numerical,discrete,3
N955,numerical,discrete,3
N956,numerical,discrete,3
N957,numerical,discrete,3
N958,numerical,discrete,3
N959,numerical,discrete,3
N960,numerical,discrete,3
N961,numerical,discrete,3
N962,numerical,discrete,3
N963,numerical,discrete,3
N964,numerical,discrete,3
N965,numerical,discrete,3
N966,numerical,discrete,3
N967,numerical,binary,2
N968,numerical,discrete,3
N969,numerical,discrete,3
N970,numerical,discrete,3
N971,numerical,discrete,3
N972,numerical,discrete,3
N973,numerical,discrete,3
N974,numerical,discrete,3
N975,numerical,discrete,3
N976,numerical,discrete,3
N977,numerical,discrete,3
N978,numerical,discrete,3
N979,numerical,discrete,3
N980,numerical,discrete,3
N981,numerical,discrete,3
N982,numerical,discrete,3
N983,numerical,discrete,3
N984,numerical,discrete,3
N985,numerical,discrete,3
N986,numerical,discrete,3
N987,numerical,discrete,3
N988,numerical,discrete,3
N989,numerical,discrete,3
N990,numerical,discrete,3
N991,numerical,discrete,3
N992,numerical,binary,2
N993,numerical,discrete,3
N994,numerical,discrete,3
N995,numerical,discrete,3
N996,numerical,discrete,3
N997,numerical,discrete,3
P1,numerical,discrete,3
P2,numerical,discrete,3
target,numerical,binary,2
