age,numerical,discrete,94
sex,numerical,discrete,3
on thyroxine,numerical,binary,2
query on thyroxine,numerical,binary,2
on antithyroid medication,numerical,binary,2
sick,numerical,binary,2
pregnant,numerical,binary,2
thyroid surgery,numerical,binary,2
I131 treatment,numerical,binary,2
query hypothyroid,numerical,binary,2
query hyperthyroid,numerical,binary,2
lithium,numerical,binary,2
goitre,numerical,binary,2
tumor,numerical,binary,2
hypopituitary,numerical,binary,2
psych,numerical,binary,2
TSH measured,numerical,binary,2
TSH,numerical,discrete,288
T3 measured,numerical,binary,2
T3,numerical,discrete,70
TT4 measured,numerical,binary,2
TT4,numerical,discrete,242
T4U measured,numerical,binary,2
T4U,numerical,discrete,147
FTI measured,numerical,binary,2
FTI,numerical,discrete,235
TBG measured,numerical,discrete,1
TBG,numerical,discrete,1
referral source,numerical,discrete,5
target,numerical,discrete,4
