region-centroid-col,numerical,continous,253
region-centroid-row,numerical,continous,238
region-pixel-count,numerical,continous,1
short-line-density-5,numerical,continous,4
short-line-density-2,numerical,continous,3
vedge-mean,numerical,continous,647
vedge-sd,numerical,continous,1794
hedge-mean,numerical,continous,702
hedge-sd,numerical,continous,1799
intensity-mean,numerical,continous,1271
rawred-mean,numerical,continous,681
rawblue-mean,numerical,continous,781
rawgreen-mean,numerical,continous,691
exred-mean,numerical,continous,430
exblue-mean,numerical,continous,636
exgreen-mean,numerical,continous,377
value-mean,numerical,continous,785
saturatoin-mean,numerical,continous,1899
hue-mean,numerical,continous,1937
target,numerical,discrete,7
