X00,numerical,continous,529
X01,numerical,continous,541
X02,numerical,continous,614
X03,numerical,continous,691
X04,numerical,continous,772
X05,numerical,continous,815
X06,numerical,continous,890
X07,numerical,continous,802
X08,numerical,continous,764
X09,numerical,continous,713
X10,numerical,continous,749
X11,numerical,continous,730
X12,numerical,continous,768
X13,numerical,continous,793
X14,numerical,continous,887
X15,numerical,continous,816
X16,numerical,continous,754
X17,numerical,continous,681
X18,numerical,continous,605
X19,numerical,continous,554
X20,numerical,continous,531
X21,numerical,continous,527
X22,numerical,continous,516
X23,numerical,continous,524
X24,numerical,continous,527
X25,numerical,continous,523
X26,numerical,continous,525
X27,numerical,continous,534
X28,numerical,continous,527
X29,numerical,continous,525
X30,numerical,continous,535
X31,numerical,continous,530
X32,numerical,continous,528
X33,numerical,continous,522
X34,numerical,continous,537
X35,numerical,continous,515
X36,numerical,continous,511
X37,numerical,continous,520
X38,numerical,continous,531
X39,numerical,continous,530
target,numerical,discrete,3
