F1,numerical,binary,2
F2,numerical,binary,2
F3,numerical,binary,2
F4,numerical,binary,2
F5,numerical,binary,2
F6,numerical,binary,2
F7,numerical,binary,2
F8,numerical,binary,2
F9,numerical,binary,2
F10,numerical,binary,2
F11,numerical,binary,2
F12,numerical,binary,2
F13,numerical,binary,2
F14,numerical,binary,2
F15,numerical,binary,2
F16,numerical,binary,2
F17,numerical,binary,2
F18,numerical,binary,2
F19,numerical,binary,2
F20,numerical,binary,2
F21,numerical,binary,2
F22,numerical,binary,2
target,numerical,binary,2
