date,numerical,discrete,8
plant-stand,numerical,discrete,3
precip,numerical,discrete,4
temp,numerical,discrete,4
hail,numerical,discrete,3
crop-hist,numerical,discrete,5
area-damaged,numerical,discrete,5
severity,numerical,discrete,4
seed-tmt,numerical,discrete,4
germination,numerical,discrete,4
plant-growth,numerical,discrete,3
leaves,numerical,binary,2
leafspots-halo,numerical,discrete,4
leafspots-marg,numerical,discrete,4
leafspot-size,numerical,discrete,4
leaf-shread,numerical,discrete,3
leaf-malf,numerical,discrete,3
leaf-mild,numerical,discrete,4
stem,numerical,discrete,3
lodging,numerical,discrete,3
stem-cankers,numerical,discrete,5
canker-lesion,numerical,discrete,5
fruiting-bodies,numerical,discrete,3
external-decay,numerical,discrete,4
mycelium,numerical,discrete,3
int-discolor,numerical,discrete,4
sclerotia,numerical,discrete,3
fruit-pods,numerical,discrete,5
fruit-spots,numerical,discrete,5
seed,numerical,discrete,3
mold-growth,numerical,discrete,3
seed-discolor,numerical,discrete,3
seed-size,numerical,discrete,3
shriveling,numerical,discrete,3
roots,numerical,discrete,4
target,numerical,discrete,18
