X1,numerical,continous,1212
X2,numerical,continous,1212
X3,numerical,continous,1212
X4,numerical,continous,1212
X5,numerical,continous,1212
X6,numerical,continous,1212
X7,numerical,continous,1212
X8,numerical,continous,1212
X9,numerical,continous,1212
X10,numerical,continous,1212
X11,numerical,continous,1212
X12,numerical,continous,1212
X13,numerical,continous,1212
X14,numerical,continous,1212
X15,numerical,continous,1212
X16,numerical,continous,1212
X17,numerical,continous,1212
X18,numerical,continous,1212
X19,numerical,continous,1212
X20,numerical,continous,1212
X21,numerical,continous,1212
X22,numerical,continous,1212
X23,numerical,continous,1212
X24,numerical,continous,1212
X25,numerical,continous,1212
X26,numerical,continous,1212
X27,numerical,continous,1212
X28,numerical,continous,1212
X29,numerical,continous,1212
X30,numerical,continous,1212
X31,numerical,continous,1212
X32,numerical,continous,1212
X33,numerical,continous,1212
X34,numerical,continous,1212
X35,numerical,continous,1212
X36,numerical,continous,1212
X37,numerical,continous,1212
X38,numerical,continous,1212
X39,numerical,continous,1212
X40,numerical,continous,1212
X41,numerical,continous,1212
X42,numerical,continous,1212
X43,numerical,continous,1212
X44,numerical,continous,1212
X45,numerical,continous,1212
X46,numerical,continous,1212
X47,numerical,continous,1212
X48,numerical,continous,1212
X49,numerical,continous,1212
X50,numerical,continous,1212
X51,numerical,continous,1212
X52,numerical,continous,1212
X53,numerical,continous,1212
X54,numerical,continous,1212
X55,numerical,continous,1212
X56,numerical,continous,1212
X57,numerical,continous,1212
X58,numerical,continous,1212
X59,numerical,continous,1212
X60,numerical,continous,1212
X61,numerical,continous,1212
X62,numerical,continous,1212
X63,numerical,continous,1212
X64,numerical,continous,1212
X65,numerical,continous,1212
X66,numerical,continous,1212
X67,numerical,continous,1212
X68,numerical,continous,1212
X69,numerical,continous,1212
X70,numerical,continous,1212
X71,numerical,continous,1212
X72,numerical,continous,1212
X73,numerical,continous,1212
X74,numerical,continous,1212
X75,numerical,continous,1212
X76,numerical,continous,1212
X77,numerical,continous,1212
X78,numerical,continous,1212
X79,numerical,continous,1212
X80,numerical,continous,1212
X81,numerical,continous,1212
X82,numerical,continous,1212
X83,numerical,continous,1212
X84,numerical,continous,1212
X85,numerical,continous,1212
X86,numerical,continous,1212
X87,numerical,continous,1212
X88,numerical,continous,1212
X89,numerical,continous,1212
X90,numerical,continous,1212
X91,numerical,continous,1212
X92,numerical,continous,1212
X93,numerical,continous,1212
X94,numerical,continous,1212
X95,numerical,continous,1212
X96,numerical,continous,1212
X97,numerical,continous,1212
X98,numerical,continous,1212
X99,numerical,continous,1212
X100,numerical,continous,1212
target,numerical,binary,2
