ID,numerical,continous,86
target,numerical,discrete,3
gain_ratio_1,numerical,discrete,200
gain_ratio_2,numerical,discrete,194
gain_ratio_3,numerical,discrete,191
gain_ratio_4,numerical,discrete,203
gain_ratio_5,numerical,discrete,197
gain_ratio_6,numerical,discrete,195
gain_ratio_7,numerical,discrete,191
gain_ratio_8,numerical,discrete,188
gain_ratio_9,numerical,discrete,188
gain_ratio_10,numerical,discrete,196
gain_ratio_11,numerical,discrete,199
sex,numerical,binary,2
target.1,numerical,binary,2
