Status,numerical,discrete,4
Duration,numerical,continous,33
Credit-history,numerical,discrete,5
Purpose,numerical,discrete,10
Credit,numerical,continous,921
Savings-account,numerical,discrete,5
Employment,numerical,discrete,5
Installment-rate,numerical,continous,4
Personal-status,numerical,discrete,4
Debtors,numerical,discrete,3
Residence-time,numerical,continous,4
Property,numerical,discrete,4
Age,numerical,continous,53
Installments,numerical,discrete,3
Housing,numerical,discrete,3
Existing-credits,numerical,continous,4
Job,numerical,discrete,4
Liable-people,numerical,binary,2
Telephone,numerical,binary,2
Foreign,numerical,binary,2
target,numerical,binary,2
