target,numerical,binary,2
2,numerical,continous,456
3,numerical,continous,479
4,numerical,continous,522
5,numerical,continous,539
6,numerical,continous,474
7,numerical,continous,537
8,numerical,continous,537
9,numerical,continous,542
10,numerical,continous,432
11,numerical,continous,499
12,numerical,continous,540
13,numerical,continous,519
14,numerical,continous,533
15,numerical,continous,528
16,numerical,continous,547
17,numerical,continous,541
18,numerical,continous,533
19,numerical,continous,507
20,numerical,continous,498
21,numerical,continous,545
22,numerical,continous,457
23,numerical,continous,511
24,numerical,continous,514
25,numerical,continous,544
26,numerical,continous,411
27,numerical,continous,529
28,numerical,continous,539
29,numerical,continous,492
30,numerical,continous,500
31,numerical,continous,535
