duration,numerical,discrete,4
wage increase first year,numerical,discrete,18
wage increase second year,numerical,discrete,16
wage increase third year,numerical,discrete,10
cost of living adjustment,numerical,discrete,4
working hours,numerical,discrete,9
pension,numerical,discrete,4
standby pay,numerical,discrete,8
shift differential,numerical,discrete,11
education allowance,numerical,discrete,3
statutory holidays,numerical,discrete,7
vacation,numerical,discrete,4
longterm disability assistance,numerical,discrete,3
contribution to dental plan,numerical,discrete,4
bereavement assistance,numerical,discrete,3
contribution to health plan,numerical,discrete,4
target,numerical,binary,2
