A00,numerical,binary,2
A01,numerical,binary,2
A02,numerical,binary,2
A03,numerical,binary,2
A04,numerical,binary,2
A05,numerical,binary,2
A06,numerical,binary,2
A07,numerical,binary,2
A08,numerical,binary,2
A09,numerical,binary,2
A10,numerical,binary,2
A11,numerical,binary,2
A12,numerical,binary,2
A13,numerical,binary,2
A14,numerical,discrete,3
A15,numerical,binary,2
A16,numerical,binary,2
A17,numerical,binary,2
A18,numerical,binary,2
A19,numerical,binary,2
A20,numerical,binary,2
A21,numerical,binary,2
A22,numerical,binary,2
A23,numerical,binary,2
A24,numerical,binary,2
A25,numerical,binary,2
A26,numerical,binary,2
A27,numerical,binary,2
A28,numerical,binary,2
A29,numerical,binary,2
A30,numerical,binary,2
A31,numerical,binary,2
A32,numerical,binary,2
A33,numerical,binary,2
A34,numerical,binary,2
A35,numerical,binary,2
target,numerical,binary,2
