a,numerical,continous,57
all,numerical,continous,27
also,numerical,continous,6
an,numerical,continous,50
and,numerical,continous,83
any,numerical,continous,16
are,numerical,continous,21
as,numerical,continous,31
at,numerical,continous,22
be,numerical,continous,39
been,numerical,continous,24
but,numerical,continous,25
by,numerical,continous,21
can,numerical,continous,12
do,numerical,continous,22
down,numerical,continous,13
even,numerical,continous,9
every,numerical,continous,12
for,numerical,continous,27
from,numerical,continous,25
had,numerical,continous,45
has,numerical,continous,15
have,numerical,continous,31
her,numerical,continous,66
his,numerical,continous,54
if,numerical,continous,18
in,numerical,continous,45
into,numerical,continous,15
is,numerical,continous,40
it,numerical,continous,49
its,numerical,continous,12
may,numerical,continous,11
more,numerical,continous,15
must,numerical,continous,16
my,numerical,continous,51
no,numerical,continous,23
not,numerical,continous,37
now,numerical,continous,16
of,numerical,continous,76
on,numerical,continous,26
one,numerical,continous,18
only,numerical,continous,11
or,numerical,continous,29
our,numerical,continous,30
should,numerical,continous,14
so,numerical,continous,24
some,numerical,continous,13
such,numerical,continous,14
than,numerical,continous,14
that,numerical,continous,38
the,numerical,continous,137
their,numerical,continous,26
then,numerical,continous,13
there,numerical,continous,16
things,numerical,continous,10
this,numerical,continous,27
to,numerical,continous,63
up,numerical,continous,14
upon,numerical,continous,11
was,numerical,continous,64
were,numerical,continous,31
what,numerical,continous,21
when,numerical,continous,16
which,numerical,continous,20
who,numerical,continous,16
will,numerical,continous,25
with,numerical,continous,36
would,numerical,continous,23
your,numerical,continous,31
BookID,numerical,continous,12
target,numerical,discrete,4
