name,numerical,discrete,106
A3,numerical,discrete,4
A4,numerical,discrete,4
A5,numerical,discrete,4
A6,numerical,discrete,4
A7,numerical,discrete,4
A8,numerical,discrete,4
A9,numerical,discrete,4
A10,numerical,discrete,4
A11,numerical,discrete,4
A12,numerical,discrete,4
A13,numerical,discrete,4
A14,numerical,discrete,4
A15,numerical,discrete,4
A16,numerical,discrete,4
A17,numerical,discrete,4
A18,numerical,discrete,4
A19,numerical,discrete,4
A20,numerical,discrete,4
A21,numerical,discrete,4
A22,numerical,discrete,4
A23,numerical,discrete,4
A24,numerical,discrete,4
A25,numerical,discrete,4
A26,numerical,discrete,4
A27,numerical,discrete,4
A28,numerical,discrete,4
A29,numerical,discrete,4
A30,numerical,discrete,4
A31,numerical,discrete,4
A32,numerical,discrete,4
A33,numerical,discrete,4
A34,numerical,discrete,4
A35,numerical,discrete,4
A36,numerical,discrete,4
A37,numerical,discrete,4
A38,numerical,discrete,4
A39,numerical,discrete,4
A40,numerical,discrete,4
A41,numerical,discrete,4
A42,numerical,discrete,4
A43,numerical,discrete,4
A44,numerical,discrete,4
A45,numerical,discrete,4
A46,numerical,discrete,4
A47,numerical,discrete,4
A48,numerical,discrete,4
A49,numerical,discrete,4
A50,numerical,discrete,4
A51,numerical,discrete,4
A52,numerical,discrete,4
A53,numerical,discrete,4
A54,numerical,discrete,4
A55,numerical,discrete,4
A56,numerical,discrete,4
A57,numerical,discrete,4
A58,numerical,discrete,4
A59,numerical,discrete,4
target,numerical,binary,2
