A1,numerical,continous,51
A2,numerical,continous,84
A3,numerical,continous,76
A4,numerical,continous,102
A5,numerical,continous,51
A6,numerical,continous,82
A7,numerical,continous,76
A8,numerical,continous,103
A9,numerical,continous,50
A10,numerical,continous,81
A11,numerical,continous,78
A12,numerical,continous,104
A13,numerical,continous,51
A14,numerical,continous,83
A15,numerical,continous,78
A16,numerical,continous,101
A17,numerical,continous,50
A18,numerical,continous,80
A19,numerical,continous,77
A20,numerical,continous,104
A21,numerical,continous,50
A22,numerical,continous,80
A23,numerical,continous,78
A24,numerical,continous,104
A25,numerical,continous,51
A26,numerical,continous,82
A27,numerical,continous,75
A28,numerical,continous,102
A29,numerical,continous,50
A30,numerical,continous,81
A31,numerical,continous,77
A32,numerical,continous,103
A33,numerical,continous,50
A34,numerical,continous,80
A35,numerical,continous,77
A36,numerical,continous,104
target,numerical,discrete,6
