cap-shape,numerical,discrete,6
cap-surface,numerical,discrete,4
cap-color,numerical,discrete,10
bruises?,numerical,binary,2
odor,numerical,discrete,9
gill-attachment,numerical,binary,2
gill-spacing,numerical,binary,2
gill-size,numerical,binary,2
gill-color,numerical,discrete,12
stalk-shape,numerical,binary,2
stalk-root,numerical,discrete,5
stalk-surface-above-ring,numerical,discrete,4
stalk-surface-below-ring,numerical,discrete,4
stalk-color-above-ring,numerical,discrete,9
stalk-color-below-ring,numerical,discrete,9
veil-type,numerical,discrete,1
veil-color,numerical,discrete,4
ring-number,numerical,discrete,3
ring-type,numerical,discrete,5
spore-print-color,numerical,discrete,9
population,numerical,discrete,6
habitat,numerical,discrete,7
target,numerical,binary,2
