A0,numerical,binary,2
A1,numerical,binary,2
A2,numerical,binary,2
A3,numerical,binary,2
A4,numerical,binary,2
A5,numerical,binary,2
A6,numerical,binary,2
A7,numerical,binary,2
A8,numerical,binary,2
A9,numerical,binary,2
A10,numerical,binary,2
A11,numerical,binary,2
A12,numerical,binary,2
A13,numerical,binary,2
A14,numerical,binary,2
A15,numerical,binary,2
A16,numerical,binary,2
A17,numerical,binary,2
A18,numerical,binary,2
A19,numerical,binary,2
A20,numerical,binary,2
A21,numerical,binary,2
A22,numerical,binary,2
A23,numerical,binary,2
A24,numerical,binary,2
A25,numerical,binary,2
A26,numerical,binary,2
A27,numerical,binary,2
A28,numerical,binary,2
A29,numerical,binary,2
A30,numerical,binary,2
A31,numerical,binary,2
A32,numerical,binary,2
A33,numerical,binary,2
A34,numerical,binary,2
A35,numerical,binary,2
A36,numerical,binary,2
A37,numerical,binary,2
A38,numerical,binary,2
A39,numerical,binary,2
A40,numerical,binary,2
A41,numerical,binary,2
A42,numerical,binary,2
A43,numerical,binary,2
A44,numerical,binary,2
A45,numerical,binary,2
A46,numerical,binary,2
A47,numerical,binary,2
A48,numerical,binary,2
A49,numerical,binary,2
A50,numerical,binary,2
A51,numerical,binary,2
A52,numerical,binary,2
A53,numerical,binary,2
A54,numerical,binary,2
A55,numerical,binary,2
A56,numerical,binary,2
A57,numerical,binary,2
A58,numerical,binary,2
A59,numerical,binary,2
A60,numerical,binary,2
A61,numerical,binary,2
A62,numerical,binary,2
A63,numerical,binary,2
A64,numerical,binary,2
A65,numerical,binary,2
A66,numerical,binary,2
A67,numerical,binary,2
A68,numerical,binary,2
A69,numerical,binary,2
A70,numerical,binary,2
A71,numerical,binary,2
A72,numerical,binary,2
A73,numerical,binary,2
A74,numerical,binary,2
A75,numerical,binary,2
A76,numerical,binary,2
A77,numerical,binary,2
A78,numerical,binary,2
A79,numerical,binary,2
A80,numerical,binary,2
A81,numerical,binary,2
A82,numerical,binary,2
A83,numerical,binary,2
A84,numerical,binary,2
A85,numerical,binary,2
A86,numerical,binary,2
A87,numerical,binary,2
A88,numerical,binary,2
A89,numerical,binary,2
A90,numerical,binary,2
A91,numerical,binary,2
A92,numerical,binary,2
A93,numerical,binary,2
A94,numerical,binary,2
A95,numerical,binary,2
A96,numerical,binary,2
A97,numerical,binary,2
A98,numerical,binary,2
A99,numerical,binary,2
A100,numerical,binary,2
A101,numerical,binary,2
A102,numerical,binary,2
A103,numerical,binary,2
A104,numerical,binary,2
A105,numerical,binary,2
A106,numerical,binary,2
A107,numerical,binary,2
A108,numerical,binary,2
A109,numerical,binary,2
A110,numerical,binary,2
A111,numerical,binary,2
A112,numerical,binary,2
A113,numerical,binary,2
A114,numerical,binary,2
A115,numerical,binary,2
A116,numerical,binary,2
A117,numerical,binary,2
A118,numerical,binary,2
A119,numerical,binary,2
A120,numerical,binary,2
A121,numerical,binary,2
A122,numerical,binary,2
A123,numerical,binary,2
A124,numerical,binary,2
A125,numerical,binary,2
A126,numerical,binary,2
A127,numerical,binary,2
A128,numerical,binary,2
A129,numerical,binary,2
A130,numerical,binary,2
A131,numerical,binary,2
A132,numerical,binary,2
A133,numerical,binary,2
A134,numerical,binary,2
A135,numerical,binary,2
A136,numerical,binary,2
A137,numerical,binary,2
A138,numerical,binary,2
A139,numerical,binary,2
A140,numerical,binary,2
A141,numerical,binary,2
A142,numerical,binary,2
A143,numerical,binary,2
A144,numerical,binary,2
A145,numerical,binary,2
A146,numerical,binary,2
A147,numerical,binary,2
A148,numerical,binary,2
A149,numerical,binary,2
A150,numerical,binary,2
A151,numerical,binary,2
A152,numerical,binary,2
A153,numerical,binary,2
A154,numerical,binary,2
A155,numerical,binary,2
A156,numerical,binary,2
A157,numerical,binary,2
A158,numerical,binary,2
A159,numerical,binary,2
A160,numerical,binary,2
A161,numerical,binary,2
A162,numerical,binary,2
A163,numerical,binary,2
A164,numerical,binary,2
A165,numerical,binary,2
A166,numerical,binary,2
A167,numerical,binary,2
A168,numerical,binary,2
A169,numerical,binary,2
A170,numerical,binary,2
A171,numerical,binary,2
A172,numerical,binary,2
A173,numerical,binary,2
A174,numerical,binary,2
A175,numerical,binary,2
A176,numerical,binary,2
A177,numerical,binary,2
A178,numerical,binary,2
A179,numerical,binary,2
target,numerical,discrete,3
