input1,numerical,continous,1
input2,numerical,continous,9
input3,numerical,continous,17
input4,numerical,continous,17
input5,numerical,continous,17
input6,numerical,continous,17
input7,numerical,continous,17
input8,numerical,continous,17
input9,numerical,continous,4
input10,numerical,continous,17
input11,numerical,continous,17
input12,numerical,continous,17
input13,numerical,continous,17
input14,numerical,continous,17
input15,numerical,continous,17
input16,numerical,continous,15
input17,numerical,continous,5
input18,numerical,continous,17
input19,numerical,continous,17
input20,numerical,continous,17
input21,numerical,continous,17
input22,numerical,continous,17
input23,numerical,continous,17
input24,numerical,continous,9
input25,numerical,binary,2
input26,numerical,continous,17
input27,numerical,continous,17
input28,numerical,continous,17
input29,numerical,continous,17
input30,numerical,continous,17
input31,numerical,continous,17
input32,numerical,continous,3
input33,numerical,binary,2
input34,numerical,continous,16
input35,numerical,continous,17
input36,numerical,continous,17
input37,numerical,continous,17
input38,numerical,continous,17
input39,numerical,continous,15
input40,numerical,continous,1
input41,numerical,continous,8
input42,numerical,continous,17
input43,numerical,continous,17
input44,numerical,continous,17
input45,numerical,continous,17
input46,numerical,continous,17
input47,numerical,continous,17
input48,numerical,continous,7
input49,numerical,continous,9
input50,numerical,continous,17
input51,numerical,continous,17
input52,numerical,continous,17
input53,numerical,continous,17
input54,numerical,continous,17
input55,numerical,continous,17
input56,numerical,continous,13
input57,numerical,binary,2
input58,numerical,continous,11
input59,numerical,continous,17
input60,numerical,continous,17
input61,numerical,continous,17
input62,numerical,continous,17
input63,numerical,continous,17
input64,numerical,continous,17
target,numerical,discrete,10
