Atr-0,numerical,discrete,2495
Atr-1,numerical,discrete,3
Atr-2,numerical,discrete,66
Atr-3,numerical,discrete,11
Atr-4,numerical,discrete,3300
Atr-5,numerical,discrete,10725
Atr-6,numerical,binary,2
Atr-7,numerical,discrete,3
Atr-8,numerical,discrete,4
Atr-9,numerical,discrete,22
Atr-10,numerical,discrete,6
Atr-11,numerical,binary,2
Atr-12,numerical,discrete,23
Atr-13,numerical,binary,2
Atr-14,numerical,discrete,3
Atr-15,numerical,discrete,20
Atr-16,numerical,discrete,18
Atr-17,numerical,discrete,3
Atr-18,numerical,discrete,7
Atr-19,numerical,discrete,1
Atr-20,numerical,discrete,1
Atr-21,numerical,binary,2
Atr-22,numerical,discrete,490
Atr-23,numerical,discrete,470
Atr-24,numerical,continous,92
Atr-25,numerical,continous,51
Atr-26,numerical,continous,77
Atr-27,numerical,continous,51
Atr-28,numerical,continous,99
Atr-29,numerical,continous,78
Atr-30,numerical,continous,64
Atr-31,numerical,discrete,256
Atr-32,numerical,discrete,256
Atr-33,numerical,continous,101
Atr-34,numerical,continous,101
Atr-35,numerical,continous,101
Atr-36,numerical,continous,65
Atr-37,numerical,continous,100
Atr-38,numerical,continous,72
Atr-39,numerical,continous,101
Atr-40,numerical,continous,101
target,numerical,discrete,23
