molecule_name,numerical,discrete,92
conformation_name,numerical,discrete,476
f1,numerical,continous,70
f2,numerical,continous,147
f3,numerical,continous,138
f4,numerical,continous,147
f5,numerical,continous,38
f6,numerical,continous,205
f7,numerical,continous,124
f8,numerical,continous,191
f9,numerical,continous,143
f10,numerical,continous,215
f11,numerical,continous,180
f12,numerical,continous,187
f13,numerical,continous,154
f14,numerical,continous,165
f15,numerical,continous,139
f16,numerical,continous,119
f17,numerical,continous,177
f18,numerical,continous,168
f19,numerical,continous,196
f20,numerical,continous,155
f21,numerical,continous,213
f22,numerical,continous,115
f23,numerical,continous,213
f24,numerical,continous,170
f25,numerical,continous,110
f26,numerical,continous,186
f27,numerical,continous,175
f28,numerical,continous,142
f29,numerical,continous,157
f30,numerical,continous,138
f31,numerical,continous,66
f32,numerical,continous,159
f33,numerical,continous,138
f34,numerical,continous,204
f35,numerical,continous,126
f36,numerical,continous,113
f37,numerical,continous,91
f38,numerical,continous,164
f39,numerical,continous,116
f40,numerical,continous,177
f41,numerical,continous,146
f42,numerical,continous,162
f43,numerical,continous,163
f44,numerical,continous,151
f45,numerical,continous,163
f46,numerical,continous,195
f47,numerical,continous,138
f48,numerical,continous,208
f49,numerical,continous,194
f50,numerical,continous,160
f51,numerical,continous,178
f52,numerical,continous,113
f53,numerical,continous,147
f54,numerical,continous,202
f55,numerical,continous,173
f56,numerical,continous,165
f57,numerical,continous,149
f58,numerical,continous,141
f59,numerical,continous,164
f60,numerical,continous,198
f61,numerical,continous,141
f62,numerical,continous,136
f63,numerical,continous,92
f64,numerical,continous,185
f65,numerical,continous,129
f66,numerical,continous,80
f67,numerical,continous,33
f68,numerical,continous,153
f69,numerical,continous,142
f70,numerical,continous,165
f71,numerical,continous,135
f72,numerical,continous,119
f73,numerical,continous,176
f74,numerical,continous,202
f75,numerical,continous,165
f76,numerical,continous,45
f77,numerical,continous,128
f78,numerical,continous,189
f79,numerical,continous,162
f80,numerical,continous,144
f81,numerical,continous,213
f82,numerical,continous,126
f83,numerical,continous,152
f84,numerical,continous,201
f85,numerical,continous,178
f86,numerical,continous,132
f87,numerical,continous,165
f88,numerical,continous,193
f89,numerical,continous,155
f90,numerical,continous,165
f91,numerical,continous,125
f92,numerical,continous,107
f93,numerical,continous,102
f94,numerical,continous,168
f95,numerical,continous,115
f96,numerical,continous,161
f97,numerical,continous,189
f98,numerical,continous,141
f99,numerical,continous,91
f100,numerical,continous,167
f101,numerical,continous,166
f102,numerical,continous,125
f103,numerical,continous,166
f104,numerical,continous,161
f105,numerical,continous,142
f106,numerical,continous,210
f107,numerical,continous,155
f108,numerical,continous,217
f109,numerical,continous,151
f110,numerical,continous,156
f111,numerical,continous,145
f112,numerical,continous,205
f113,numerical,continous,176
f114,numerical,continous,163
f115,numerical,continous,201
f116,numerical,continous,183
f117,numerical,continous,133
f118,numerical,continous,185
f119,numerical,continous,142
f120,numerical,continous,164
f121,numerical,continous,124
f122,numerical,continous,168
f123,numerical,continous,187
f124,numerical,continous,155
f125,numerical,continous,159
f126,numerical,continous,109
f127,numerical,continous,213
f128,numerical,continous,177
f129,numerical,continous,188
f130,numerical,continous,131
f131,numerical,continous,148
f132,numerical,continous,161
f133,numerical,continous,176
f134,numerical,continous,190
f135,numerical,continous,186
f136,numerical,continous,158
f137,numerical,continous,166
f138,numerical,continous,171
f139,numerical,continous,205
f140,numerical,continous,184
f141,numerical,continous,179
f142,numerical,continous,170
f143,numerical,continous,154
f144,numerical,continous,134
f145,numerical,continous,29
f146,numerical,continous,60
f147,numerical,continous,53
f148,numerical,continous,176
f149,numerical,continous,167
f150,numerical,continous,174
f151,numerical,continous,117
f152,numerical,continous,105
f153,numerical,continous,97
f154,numerical,continous,135
f155,numerical,continous,175
f156,numerical,continous,133
f157,numerical,continous,65
f158,numerical,continous,217
f159,numerical,continous,165
f160,numerical,continous,126
f161,numerical,continous,194
f162,numerical,continous,127
f163,numerical,continous,112
f164,numerical,continous,61
f165,numerical,continous,109
f166,numerical,continous,146
target,numerical,binary,2
