X1,numerical,continous,1170
X2,numerical,continous,1170
X3,numerical,continous,1175
X4,numerical,continous,1167
X5,numerical,continous,1174
X6,numerical,continous,1171
X7,numerical,continous,1169
X8,numerical,continous,1167
X9,numerical,continous,1172
X10,numerical,continous,1163
X11,numerical,continous,1173
X12,numerical,continous,1176
X13,numerical,continous,1168
X14,numerical,continous,1166
X15,numerical,continous,1166
X16,numerical,continous,1179
X17,numerical,continous,1166
X18,numerical,continous,1171
X19,numerical,continous,1164
X20,numerical,continous,1171
X21,numerical,continous,1170
X22,numerical,continous,1164
X23,numerical,continous,1172
X24,numerical,continous,1170
X25,numerical,continous,1172
X26,numerical,continous,1163
X27,numerical,continous,1166
X28,numerical,continous,1170
X29,numerical,continous,1166
X30,numerical,continous,1168
X31,numerical,continous,1174
X32,numerical,continous,1166
X33,numerical,continous,1168
X34,numerical,continous,1167
X35,numerical,continous,1177
X36,numerical,continous,1164
X37,numerical,continous,1167
X38,numerical,continous,1164
X39,numerical,continous,1160
X40,numerical,continous,1168
X41,numerical,continous,1163
X42,numerical,continous,1168
X43,numerical,continous,1172
X44,numerical,continous,1168
X45,numerical,continous,1167
X46,numerical,continous,1157
X47,numerical,continous,1173
X48,numerical,continous,1170
X49,numerical,continous,1157
X50,numerical,continous,1167
X51,numerical,continous,1178
X52,numerical,continous,1167
X53,numerical,continous,1171
X54,numerical,continous,1179
X55,numerical,continous,1166
X56,numerical,continous,1174
X57,numerical,continous,1179
X58,numerical,continous,1170
X59,numerical,continous,1169
X60,numerical,continous,1166
X61,numerical,continous,1172
X62,numerical,continous,1167
X63,numerical,continous,1169
X64,numerical,continous,1167
X65,numerical,continous,1168
X66,numerical,continous,1167
X67,numerical,continous,1168
X68,numerical,continous,1160
X69,numerical,continous,1165
X70,numerical,continous,1170
X71,numerical,continous,1164
X72,numerical,continous,1175
X73,numerical,continous,1167
X74,numerical,continous,1176
X75,numerical,continous,1162
X76,numerical,continous,1167
X77,numerical,continous,1170
X78,numerical,continous,1152
X79,numerical,continous,1169
X80,numerical,continous,1166
X81,numerical,continous,1178
X82,numerical,continous,1173
X83,numerical,continous,1172
X84,numerical,continous,1165
X85,numerical,continous,1172
X86,numerical,continous,1167
X87,numerical,continous,1170
X88,numerical,continous,1167
X89,numerical,continous,1173
X90,numerical,continous,1165
X91,numerical,continous,1174
X92,numerical,continous,1173
X93,numerical,continous,1166
X94,numerical,continous,1160
X95,numerical,continous,1161
X96,numerical,continous,1166
X97,numerical,continous,1170
X98,numerical,continous,1179
X99,numerical,continous,1163
X100,numerical,continous,1175
target,numerical,binary,2
