Lymphatics,numerical,discrete,4
Block_of_affere,numerical,binary,2
Bl_of_lymph_c,numerical,binary,2
Bl_of_lymph_s,numerical,binary,2
By_pass,numerical,binary,2
Extravasates,numerical,binary,2
Regeneration_of,numerical,binary,2
Early_uptake_in,numerical,binary,2
Lym_nodes_dimin,numerical,discrete,3
Lym_nodes_enlar,numerical,discrete,4
Changes_in_lym,numerical,discrete,3
Defect_in_node,numerical,discrete,4
Changes_in_node,numerical,discrete,4
Changes_in_stru,numerical,discrete,8
Special_forms,numerical,discrete,3
Dislocation_of,numerical,binary,2
Exclusion_of_no,numerical,binary,2
No_of_nodes_in,numerical,discrete,8
target,numerical,discrete,4
