Feature00,numerical,discrete,24
Feature01,numerical,discrete,32
Feature02,numerical,discrete,10
Feature03,numerical,discrete,8
Feature04,numerical,discrete,13
Feature05,numerical,discrete,8
Feature06,numerical,discrete,16
Feature07,numerical,discrete,18
Feature08,numerical,discrete,9
Feature09,numerical,discrete,6
Feature10,numerical,discrete,6
Feature11,numerical,discrete,6
Feature12,numerical,discrete,46
Feature13,numerical,discrete,70
Feature14,numerical,discrete,7
Feature15,numerical,discrete,7
Feature16,numerical,discrete,7
Feature17,numerical,discrete,7
Feature18,numerical,discrete,51
Feature19,numerical,discrete,90
Feature20,numerical,discrete,4
Feature21,numerical,discrete,14
Feature22,numerical,discrete,3
Feature23,numerical,discrete,21
Feature24,numerical,binary,2
Feature25,numerical,binary,2
Feature26,numerical,discrete,3
Feature27,numerical,discrete,3
Feature28,numerical,discrete,9
Feature29,numerical,discrete,9
Feature30,numerical,discrete,15
Feature31,numerical,discrete,3
target,numerical,discrete,5
