Radius1,numerical,continous,456
Texture1,numerical,continous,479
Perimeter1,numerical,continous,522
Area1,numerical,continous,539
Smoothness1,numerical,continous,73
Compactness1,numerical,continous,188
Concavity1,numerical,continous,212
Concave_points1,numerical,continous,135
Symmetry1,numerical,continous,119
Fractal_dimension1,numerical,continous,41
Radius2,numerical,continous,365
Texture2,numerical,continous,482
Perimeter2,numerical,continous,533
Area2,numerical,continous,528
Smoothness2,numerical,continous,21
Compactness2,numerical,continous,81
Concavity2,numerical,continous,96
Concave_points2,numerical,continous,36
Symmetry2,numerical,continous,44
Fractal_dimension2,numerical,continous,17
Radius3,numerical,continous,457
Texture3,numerical,continous,511
Perimeter3,numerical,continous,514
Area3,numerical,continous,544
Smoothness3,numerical,continous,105
Compactness3,numerical,continous,326
Concavity3,numerical,continous,385
Concave_points3,numerical,continous,217
Symmetry3,numerical,continous,208
Fractal_dimension3,numerical,continous,80
target,numerical,binary,2
