attribute#1,numerical,binary,2
attribute#2,numerical,binary,2
attribute#3,numerical,binary,2
attribute#4,numerical,binary,2
attribute#5,numerical,binary,2
attribute#6,numerical,binary,2
attribute#7,numerical,binary,2
irrelevant1,numerical,binary,2
irrelevant2,numerical,binary,2
irrelevant3,numerical,binary,2
irrelevant4,numerical,binary,2
irrelevant5,numerical,binary,2
irrelevant6,numerical,binary,2
irrelevant7,numerical,binary,2
irrelevant8,numerical,binary,2
irrelevant9,numerical,binary,2
irrelevant10,numerical,binary,2
irrelevant11,numerical,binary,2
irrelevant12,numerical,binary,2
irrelevant13,numerical,binary,2
irrelevant14,numerical,binary,2
irrelevant15,numerical,binary,2
irrelevant16,numerical,binary,2
irrelevant17,numerical,binary,2
target,numerical,discrete,10
