attribute_0,numerical,continous,6
attribute_1,numerical,continous,7
attribute_2,numerical,continous,7
attribute_3,numerical,continous,7
attribute_4,numerical,continous,7
attribute_5,numerical,continous,7
attribute_6,numerical,continous,7
attribute_7,numerical,continous,7
attribute_8,numerical,continous,7
attribute_9,numerical,continous,7
attribute_10,numerical,continous,7
attribute_11,numerical,continous,7
attribute_12,numerical,continous,7
attribute_13,numerical,continous,7
attribute_14,numerical,continous,6
attribute_15,numerical,continous,7
attribute_16,numerical,continous,7
attribute_17,numerical,continous,7
attribute_18,numerical,continous,7
attribute_19,numerical,continous,7
attribute_20,numerical,continous,7
attribute_21,numerical,continous,7
attribute_22,numerical,continous,7
attribute_23,numerical,continous,7
attribute_24,numerical,continous,7
attribute_25,numerical,continous,7
attribute_26,numerical,continous,7
attribute_27,numerical,continous,7
attribute_28,numerical,continous,7
attribute_29,numerical,continous,7
attribute_30,numerical,continous,7
attribute_31,numerical,continous,7
attribute_32,numerical,continous,7
attribute_33,numerical,continous,7
attribute_34,numerical,continous,7
attribute_35,numerical,continous,7
attribute_36,numerical,continous,7
attribute_37,numerical,continous,7
attribute_38,numerical,continous,7
attribute_39,numerical,continous,7
attribute_40,numerical,continous,7
attribute_41,numerical,continous,7
attribute_42,numerical,continous,7
attribute_43,numerical,continous,7
attribute_44,numerical,continous,7
attribute_45,numerical,continous,7
attribute_46,numerical,continous,7
attribute_47,numerical,continous,7
attribute_48,numerical,continous,7
attribute_49,numerical,continous,7
attribute_50,numerical,continous,7
attribute_51,numerical,continous,7
attribute_52,numerical,continous,7
attribute_53,numerical,continous,7
attribute_54,numerical,continous,7
attribute_55,numerical,continous,7
attribute_56,numerical,continous,7
attribute_57,numerical,continous,7
attribute_58,numerical,continous,7
attribute_59,numerical,continous,7
attribute_60,numerical,continous,7
attribute_61,numerical,continous,7
attribute_62,numerical,continous,7
attribute_63,numerical,continous,7
attribute_64,numerical,continous,7
attribute_65,numerical,continous,7
attribute_66,numerical,continous,7
attribute_67,numerical,continous,7
attribute_68,numerical,continous,7
attribute_69,numerical,continous,7
attribute_70,numerical,continous,7
attribute_71,numerical,continous,7
attribute_72,numerical,continous,7
attribute_73,numerical,continous,7
attribute_74,numerical,continous,7
attribute_75,numerical,continous,7
attribute_76,numerical,continous,7
attribute_77,numerical,continous,7
attribute_78,numerical,continous,7
attribute_79,numerical,continous,7
attribute_80,numerical,continous,7
attribute_81,numerical,continous,7
attribute_82,numerical,continous,7
attribute_83,numerical,continous,7
attribute_84,numerical,continous,7
attribute_85,numerical,continous,7
attribute_86,numerical,continous,7
attribute_87,numerical,continous,7
attribute_88,numerical,continous,7
attribute_89,numerical,continous,7
attribute_90,numerical,continous,7
attribute_91,numerical,continous,7
attribute_92,numerical,continous,7
attribute_93,numerical,continous,7
attribute_94,numerical,continous,7
attribute_95,numerical,continous,7
attribute_96,numerical,continous,7
attribute_97,numerical,continous,7
attribute_98,numerical,continous,7
attribute_99,numerical,continous,7
attribute_100,numerical,continous,7
attribute_101,numerical,continous,7
attribute_102,numerical,continous,7
attribute_103,numerical,continous,7
attribute_104,numerical,continous,7
attribute_105,numerical,continous,7
attribute_106,numerical,continous,7
attribute_107,numerical,continous,7
attribute_108,numerical,continous,7
attribute_109,numerical,continous,7
attribute_110,numerical,continous,7
attribute_111,numerical,continous,7
attribute_112,numerical,continous,7
attribute_113,numerical,continous,7
attribute_114,numerical,continous,7
attribute_115,numerical,continous,7
attribute_116,numerical,continous,7
attribute_117,numerical,continous,7
attribute_118,numerical,continous,7
attribute_119,numerical,continous,7
attribute_120,numerical,continous,7
attribute_121,numerical,continous,7
attribute_122,numerical,continous,7
attribute_123,numerical,continous,7
attribute_124,numerical,continous,7
attribute_125,numerical,continous,7
attribute_126,numerical,continous,7
attribute_127,numerical,continous,7
attribute_128,numerical,continous,7
attribute_129,numerical,continous,7
attribute_130,numerical,continous,7
attribute_131,numerical,continous,7
attribute_132,numerical,continous,7
attribute_133,numerical,continous,7
attribute_134,numerical,continous,7
attribute_135,numerical,continous,7
attribute_136,numerical,continous,7
attribute_137,numerical,continous,7
attribute_138,numerical,continous,7
attribute_139,numerical,continous,7
attribute_140,numerical,continous,7
attribute_141,numerical,continous,7
attribute_142,numerical,continous,7
attribute_143,numerical,continous,7
attribute_144,numerical,continous,7
attribute_145,numerical,continous,7
attribute_146,numerical,continous,7
attribute_147,numerical,continous,7
attribute_148,numerical,continous,7
attribute_149,numerical,continous,7
attribute_150,numerical,continous,7
attribute_151,numerical,continous,7
attribute_152,numerical,continous,7
attribute_153,numerical,continous,7
attribute_154,numerical,continous,7
attribute_155,numerical,continous,7
attribute_156,numerical,continous,7
attribute_157,numerical,continous,7
attribute_158,numerical,continous,7
attribute_159,numerical,continous,7
attribute_160,numerical,continous,7
attribute_161,numerical,continous,7
attribute_162,numerical,continous,7
attribute_163,numerical,continous,7
attribute_164,numerical,continous,7
attribute_165,numerical,continous,7
attribute_166,numerical,continous,7
attribute_167,numerical,continous,7
attribute_168,numerical,continous,7
attribute_169,numerical,continous,7
attribute_170,numerical,continous,7
attribute_171,numerical,continous,7
attribute_172,numerical,continous,7
attribute_173,numerical,continous,7
attribute_174,numerical,continous,7
attribute_175,numerical,continous,7
attribute_176,numerical,continous,7
attribute_177,numerical,continous,7
attribute_178,numerical,continous,7
attribute_179,numerical,continous,7
attribute_180,numerical,continous,7
attribute_181,numerical,continous,7
attribute_182,numerical,continous,7
attribute_183,numerical,continous,7
attribute_184,numerical,continous,7
attribute_185,numerical,continous,7
attribute_186,numerical,continous,7
attribute_187,numerical,continous,7
attribute_188,numerical,continous,7
attribute_189,numerical,continous,7
attribute_190,numerical,continous,7
attribute_191,numerical,continous,7
attribute_192,numerical,continous,7
attribute_193,numerical,continous,7
attribute_194,numerical,continous,7
attribute_195,numerical,continous,7
attribute_196,numerical,continous,7
attribute_197,numerical,continous,7
attribute_198,numerical,continous,7
attribute_199,numerical,continous,7
attribute_200,numerical,continous,7
attribute_201,numerical,continous,7
attribute_202,numerical,continous,7
attribute_203,numerical,continous,7
attribute_204,numerical,continous,7
attribute_205,numerical,continous,7
attribute_206,numerical,continous,7
attribute_207,numerical,continous,7
attribute_208,numerical,continous,7
attribute_209,numerical,continous,7
attribute_210,numerical,continous,7
attribute_211,numerical,continous,7
attribute_212,numerical,continous,7
attribute_213,numerical,continous,7
attribute_214,numerical,continous,7
attribute_215,numerical,continous,7
attribute_216,numerical,continous,7
attribute_217,numerical,continous,7
attribute_218,numerical,continous,7
attribute_219,numerical,continous,7
attribute_220,numerical,continous,7
attribute_221,numerical,continous,7
attribute_222,numerical,continous,7
attribute_223,numerical,continous,7
attribute_224,numerical,continous,7
attribute_225,numerical,continous,5
attribute_226,numerical,continous,5
attribute_227,numerical,continous,5
attribute_228,numerical,continous,5
attribute_229,numerical,continous,5
attribute_230,numerical,continous,5
attribute_231,numerical,continous,5
attribute_232,numerical,continous,5
attribute_233,numerical,continous,5
attribute_234,numerical,continous,5
attribute_235,numerical,continous,5
attribute_236,numerical,continous,5
attribute_237,numerical,continous,5
attribute_238,numerical,continous,5
attribute_239,numerical,continous,5
target,numerical,discrete,10
