att1,numerical,continous,1987
att2,numerical,continous,1994
att3,numerical,continous,1994
att4,numerical,continous,1994
att5,numerical,continous,1994
att6,numerical,continous,1994
att7,numerical,continous,1994
att8,numerical,continous,1992
att9,numerical,continous,1994
att10,numerical,continous,1994
att11,numerical,continous,1994
att12,numerical,continous,1994
att13,numerical,continous,1994
att14,numerical,continous,1993
att15,numerical,continous,1994
att16,numerical,continous,1994
att17,numerical,continous,1994
att18,numerical,continous,1994
att19,numerical,continous,1994
att20,numerical,continous,1991
att21,numerical,continous,1994
att22,numerical,continous,1994
att23,numerical,continous,1994
att24,numerical,continous,1994
att25,numerical,continous,1993
att26,numerical,continous,1994
att27,numerical,continous,1994
att28,numerical,continous,1993
att29,numerical,continous,1994
att30,numerical,continous,1994
att31,numerical,continous,1994
att32,numerical,continous,1994
att33,numerical,continous,1994
att34,numerical,continous,1994
att35,numerical,continous,1994
att36,numerical,continous,1994
att37,numerical,continous,1994
att38,numerical,continous,1994
att39,numerical,continous,1994
att40,numerical,continous,1994
att41,numerical,continous,1993
att42,numerical,continous,1994
att43,numerical,continous,1994
att44,numerical,continous,1994
att45,numerical,continous,1994
att46,numerical,continous,1994
att47,numerical,continous,1994
target,numerical,discrete,10
