0,numerical,continous,142
1,numerical,continous,171
2,numerical,continous,214
3,numerical,continous,43
4,numerical,continous,255
5,numerical,continous,141
6,numerical,continous,173
7,numerical,continous,170
8,numerical,continous,144
9,numerical,continous,245
10,numerical,continous,113
11,numerical,continous,316
12,numerical,continous,158
13,numerical,continous,133
14,numerical,continous,118
15,numerical,continous,253
16,numerical,continous,197
17,numerical,continous,229
18,numerical,continous,575
19,numerical,continous,148
20,numerical,continous,401
21,numerical,continous,99
22,numerical,continous,164
23,numerical,continous,143
24,numerical,continous,395
25,numerical,continous,281
26,numerical,continous,240
27,numerical,continous,200
28,numerical,continous,156
29,numerical,continous,179
30,numerical,continous,128
31,numerical,continous,106
32,numerical,continous,184
33,numerical,continous,110
34,numerical,continous,177
35,numerical,continous,159
36,numerical,continous,188
37,numerical,continous,53
38,numerical,continous,163
39,numerical,continous,125
40,numerical,continous,108
41,numerical,continous,186
42,numerical,continous,136
43,numerical,continous,160
44,numerical,continous,230
45,numerical,continous,227
46,numerical,continous,38
47,numerical,continous,106
48,numerical,continous,313
49,numerical,continous,641
50,numerical,continous,225
51,numerical,continous,964
52,numerical,continous,504
53,numerical,continous,316
54,numerical,continous,2161
55,numerical,discrete,271
56,numerical,discrete,919
target,numerical,binary,2
