age,numerical,discrete,93
sex,numerical,discrete,3
on_thyroxine,numerical,binary,2
query_on_thyroxine,numerical,binary,2
on_antithyroid_medication,numerical,binary,2
thyroid_surgery,numerical,binary,2
query_hypothyroid,numerical,binary,2
query_hyperthyroid,numerical,binary,2
pregnant,numerical,binary,2
sick,numerical,binary,2
tumor,numerical,binary,2
lithium,numerical,binary,2
goitre,numerical,binary,2
TSH_measured,numerical,binary,2
TSH,numerical,discrete,240
T3_measured,numerical,binary,2
T3,numerical,discrete,70
TT4_measured,numerical,binary,2
TT4,numerical,discrete,269
T4U_measured,numerical,binary,2
T4U,numerical,discrete,159
FTI_measured,numerical,binary,2
FTI,numerical,discrete,281
TBG_measured,numerical,binary,2
TBG,numerical,discrete,53
target,numerical,binary,2
