age,numerical,continous,74
workclass,numerical,discrete,9
fnlwgt,numerical,continous,28523
education,numerical,discrete,16
education-num,numerical,continous,16
marital-status,numerical,discrete,7
occupation,numerical,discrete,15
relationship,numerical,discrete,6
race,numerical,discrete,5
sex,categorical,others,3
capital-gain,numerical,continous,123
capital-loss,numerical,continous,99
hours-per-week,numerical,continous,96
native-country,numerical,discrete,42
target,numerical,binary,2
