instance,numerical,discrete,106
p-50,numerical,discrete,4
p-49,numerical,discrete,4
p-48,numerical,discrete,4
p-47,numerical,discrete,4
p-46,numerical,discrete,4
p-45,numerical,discrete,4
p-44,numerical,discrete,4
p-43,numerical,discrete,4
p-42,numerical,discrete,4
p-41,numerical,discrete,4
p-40,numerical,discrete,4
p-39,numerical,discrete,4
p-38,numerical,discrete,4
p-37,numerical,discrete,4
p-36,numerical,discrete,4
p-35,numerical,discrete,4
p-34,numerical,discrete,4
p-33,numerical,discrete,4
p-32,numerical,discrete,4
p-31,numerical,discrete,4
p-30,numerical,discrete,4
p-29,numerical,discrete,4
p-28,numerical,discrete,4
p-27,numerical,discrete,4
p-26,numerical,discrete,4
p-25,numerical,discrete,4
p-24,numerical,discrete,4
p-23,numerical,discrete,4
p-22,numerical,discrete,4
p-21,numerical,discrete,4
p-20,numerical,discrete,4
p-19,numerical,discrete,4
p-18,numerical,discrete,4
p-17,numerical,discrete,4
p-16,numerical,discrete,4
p-15,numerical,discrete,4
p-14,numerical,discrete,4
p-13,numerical,discrete,4
p-12,numerical,discrete,4
p-11,numerical,discrete,4
p-10,numerical,discrete,4
p-9,numerical,discrete,4
p-8,numerical,discrete,4
p-7,numerical,discrete,4
p-6,numerical,discrete,4
p-5,numerical,discrete,4
p-4,numerical,discrete,4
p-3,numerical,discrete,4
p-2,numerical,discrete,4
p-1,numerical,discrete,4
p1,numerical,discrete,4
p2,numerical,discrete,4
p3,numerical,discrete,4
p4,numerical,discrete,4
p5,numerical,discrete,4
p6,numerical,discrete,4
p7,numerical,discrete,4
target,numerical,binary,2
