molecule_name,numerical,discrete,102
conformation_name,numerical,discrete,6598
f1,numerical,continous,202
f2,numerical,continous,260
f3,numerical,continous,221
f4,numerical,continous,257
f5,numerical,continous,129
f6,numerical,continous,358
f7,numerical,continous,323
f8,numerical,continous,389
f9,numerical,continous,347
f10,numerical,continous,399
f11,numerical,continous,387
f12,numerical,continous,384
f13,numerical,continous,397
f14,numerical,continous,329
f15,numerical,continous,319
f16,numerical,continous,327
f17,numerical,continous,350
f18,numerical,continous,375
f19,numerical,continous,398
f20,numerical,continous,388
f21,numerical,continous,419
f22,numerical,continous,304
f23,numerical,continous,397
f24,numerical,continous,368
f25,numerical,continous,304
f26,numerical,continous,379
f27,numerical,continous,338
f28,numerical,continous,272
f29,numerical,continous,278
f30,numerical,continous,341
f31,numerical,continous,276
f32,numerical,continous,334
f33,numerical,continous,240
f34,numerical,continous,419
f35,numerical,continous,243
f36,numerical,continous,261
f37,numerical,continous,288
f38,numerical,continous,324
f39,numerical,continous,217
f40,numerical,continous,322
f41,numerical,continous,231
f42,numerical,continous,329
f43,numerical,continous,407
f44,numerical,continous,328
f45,numerical,continous,340
f46,numerical,continous,392
f47,numerical,continous,265
f48,numerical,continous,411
f49,numerical,continous,381
f50,numerical,continous,374
f51,numerical,continous,390
f52,numerical,continous,329
f53,numerical,continous,333
f54,numerical,continous,389
f55,numerical,continous,313
f56,numerical,continous,415
f57,numerical,continous,363
f58,numerical,continous,271
f59,numerical,continous,302
f60,numerical,continous,412
f61,numerical,continous,254
f62,numerical,continous,305
f63,numerical,continous,205
f64,numerical,continous,388
f65,numerical,continous,251
f66,numerical,continous,206
f67,numerical,continous,181
f68,numerical,continous,287
f69,numerical,continous,314
f70,numerical,continous,287
f71,numerical,continous,224
f72,numerical,continous,224
f73,numerical,continous,429
f74,numerical,continous,386
f75,numerical,continous,380
f76,numerical,continous,113
f77,numerical,continous,338
f78,numerical,continous,392
f79,numerical,continous,347
f80,numerical,continous,338
f81,numerical,continous,397
f82,numerical,continous,294
f83,numerical,continous,368
f84,numerical,continous,361
f85,numerical,continous,368
f86,numerical,continous,320
f87,numerical,continous,307
f88,numerical,continous,347
f89,numerical,continous,258
f90,numerical,continous,398
f91,numerical,continous,331
f92,numerical,continous,247
f93,numerical,continous,233
f94,numerical,continous,398
f95,numerical,continous,199
f96,numerical,continous,333
f97,numerical,continous,340
f98,numerical,continous,354
f99,numerical,continous,181
f100,numerical,continous,331
f101,numerical,continous,255
f102,numerical,continous,255
f103,numerical,continous,396
f104,numerical,continous,337
f105,numerical,continous,277
f106,numerical,continous,382
f107,numerical,continous,319
f108,numerical,continous,388
f109,numerical,continous,328
f110,numerical,continous,268
f111,numerical,continous,292
f112,numerical,continous,406
f113,numerical,continous,368
f114,numerical,continous,337
f115,numerical,continous,402
f116,numerical,continous,406
f117,numerical,continous,351
f118,numerical,continous,354
f119,numerical,continous,352
f120,numerical,continous,347
f121,numerical,continous,299
f122,numerical,continous,314
f123,numerical,continous,353
f124,numerical,continous,277
f125,numerical,continous,327
f126,numerical,continous,246
f127,numerical,continous,435
f128,numerical,continous,405
f129,numerical,continous,415
f130,numerical,continous,253
f131,numerical,continous,235
f132,numerical,continous,320
f133,numerical,continous,416
f134,numerical,continous,393
f135,numerical,continous,394
f136,numerical,continous,267
f137,numerical,continous,345
f138,numerical,continous,301
f139,numerical,continous,396
f140,numerical,continous,414
f141,numerical,continous,386
f142,numerical,continous,303
f143,numerical,continous,331
f144,numerical,continous,311
f145,numerical,continous,150
f146,numerical,continous,247
f147,numerical,continous,144
f148,numerical,continous,294
f149,numerical,continous,295
f150,numerical,continous,329
f151,numerical,continous,197
f152,numerical,continous,184
f153,numerical,continous,151
f154,numerical,continous,257
f155,numerical,continous,323
f156,numerical,continous,286
f157,numerical,continous,258
f158,numerical,continous,398
f159,numerical,continous,386
f160,numerical,continous,278
f161,numerical,continous,354
f162,numerical,continous,281
f163,numerical,continous,292
f164,numerical,continous,172
f165,numerical,continous,352
f166,numerical,continous,385
target,numerical,binary,2
