surgery,numerical,discrete,3
Age,numerical,binary,2
rectal_temperature,numerical,discrete,41
pulse,numerical,discrete,55
respiratory_rate,numerical,discrete,41
temp_extremities,numerical,discrete,5
peripheral_pulse,numerical,discrete,5
mucous_membranes,numerical,discrete,7
capillary_refill_time,numerical,discrete,4
pain,numerical,discrete,6
peristalsis,numerical,discrete,5
abdominal_distension,numerical,discrete,5
nasogastric_tube,numerical,discrete,4
nasogastric_reflux,numerical,discrete,4
nasogastric_reflux_PH,numerical,discrete,25
rectal_examination,numerical,discrete,5
abdomen,numerical,discrete,6
packed_cell_volume,numerical,discrete,55
total_protein,numerical,discrete,85
abdominocentesis_appearance,numerical,discrete,4
abdomcentesis_total_protein,numerical,discrete,45
outcome,numerical,discrete,4
target,numerical,binary,2
