c1,numerical,binary,2
c2,numerical,binary,2
c3,numerical,binary,2
c4,numerical,binary,2
c5,numerical,binary,2
c6,numerical,binary,2
c7,numerical,binary,2
c8,numerical,binary,2
c9,numerical,binary,2
c10,numerical,binary,2
c11,numerical,binary,2
c12,numerical,binary,2
c13,numerical,binary,2
c14,numerical,binary,2
c15,numerical,discrete,3
c16,numerical,binary,2
c17,numerical,binary,2
c18,numerical,binary,2
c19,numerical,binary,2
c20,numerical,binary,2
c21,numerical,binary,2
c22,numerical,binary,2
c23,numerical,binary,2
c24,numerical,binary,2
c25,numerical,binary,2
c26,numerical,binary,2
c27,numerical,binary,2
c28,numerical,binary,2
c29,numerical,binary,2
c30,numerical,binary,2
c31,numerical,binary,2
c32,numerical,binary,2
c33,numerical,binary,2
c34,numerical,binary,2
c35,numerical,binary,2
c36,numerical,binary,2
target,numerical,binary,2
