CASE_STATE,numerical,discrete,51
AGE,numerical,discrete,99
SEX,numerical,discrete,3
PERSON_TYPE,numerical,discrete,10
SEATING_POSITION,numerical,discrete,26
RESTRAINT_SYSTEM-USE,numerical,discrete,12
AIR_BAG_AVAILABILITY/DEPLOYMENT,numerical,discrete,13
EJECTION,numerical,discrete,4
EJECTION_PATH,numerical,discrete,10
EXTRICATION,numerical,discrete,3
NON_MOTORIST_LOCATION,numerical,discrete,18
POLICE_REPORTED_ALCOHOL_INVOLVEMENT,numerical,discrete,4
METHOD_ALCOHOL_DETERMINATION,numerical,discrete,7
ALCOHOL_TEST_TYPE,numerical,discrete,10
ALCOHOL_TEST_RESULT,numerical,discrete,69
POLICE-REPORTED_DRUG_INVOLVEMENT,numerical,discrete,4
METHOD_OF_DRUG_DETERMINATION,numerical,discrete,5
DRUG_TEST_TYPE,numerical,discrete,7
DRUG_TEST_RESULTS_(1_of_3),numerical,discrete,95
DRUG_TEST_TYPE_(2_of_3),numerical,discrete,7
DRUG_TEST_RESULTS_(2_of_3),numerical,discrete,73
DRUG_TEST_TYPE_(3_of_3),numerical,discrete,7
DRUG_TEST_RESULTS_(3_of_3),numerical,discrete,59
HISPANIC_ORIGIN,numerical,discrete,9
TAKEN_TO_HOSPITAL,numerical,discrete,3
RELATED_FACTOR_(1)-PERSON_LEVEL,numerical,discrete,45
RELATED_FACTOR_(2)-PERSON_LEVEL,numerical,discrete,48
RELATED_FACTOR_(3)-PERSON_LEVEL,numerical,discrete,33
RACE,numerical,discrete,18
target,numerical,discrete,8
