a1,numerical,discrete,3
a2,numerical,discrete,3
a3,numerical,discrete,3
a4,numerical,discrete,3
a5,numerical,discrete,3
a6,numerical,discrete,3
b1,numerical,discrete,3
b2,numerical,discrete,3
b3,numerical,discrete,3
b4,numerical,discrete,3
b5,numerical,discrete,3
b6,numerical,discrete,3
c1,numerical,discrete,3
c2,numerical,discrete,3
c3,numerical,discrete,3
c4,numerical,discrete,3
c5,numerical,discrete,3
c6,numerical,discrete,3
d1,numerical,discrete,3
d2,numerical,discrete,3
d3,numerical,discrete,3
d4,numerical,discrete,3
d5,numerical,discrete,3
d6,numerical,discrete,3
e1,numerical,discrete,3
e2,numerical,discrete,3
e3,numerical,discrete,3
e4,numerical,discrete,3
e5,numerical,discrete,3
e6,numerical,discrete,3
f1,numerical,discrete,3
f2,numerical,discrete,3
f3,numerical,discrete,3
f4,numerical,discrete,3
f5,numerical,discrete,3
f6,numerical,discrete,3
g1,numerical,discrete,3
g2,numerical,discrete,3
g3,numerical,discrete,3
g4,numerical,discrete,3
g5,numerical,discrete,3
g6,numerical,discrete,3
target,numerical,discrete,3
