surgery,numerical,discrete,3
Age,numerical,binary,2
rectal temperature,numerical,discrete,41
pulse,numerical,discrete,55
respiratory rate,numerical,discrete,41
temperature of extremities,numerical,discrete,5
peripheral pulse,numerical,discrete,5
mucous membranes,numerical,discrete,7
capillary refill time,numerical,discrete,4
pain,numerical,discrete,6
peristalsis,numerical,discrete,5
abdominal distension,numerical,discrete,5
nasogastric tube,numerical,discrete,4
nasogastric reflux,numerical,discrete,4
nasogastric reflux PH,numerical,discrete,25
rectal examination,numerical,discrete,5
abdomen,numerical,discrete,6
packed cell volume,numerical,discrete,55
total protein,numerical,discrete,85
abdominocentesis appearance,numerical,discrete,4
abdomcentesis total protein,numerical,discrete,45
outcome,numerical,discrete,4
target,numerical,binary,2
