input1,numerical,continous,101
input2,numerical,continous,96
input3,numerical,continous,101
input4,numerical,continous,98
input5,numerical,continous,101
input6,numerical,continous,101
input7,numerical,continous,101
input8,numerical,continous,101
input9,numerical,continous,101
input10,numerical,continous,101
input11,numerical,continous,101
input12,numerical,continous,101
input13,numerical,continous,101
input14,numerical,continous,101
input15,numerical,continous,101
input16,numerical,continous,101
target,numerical,discrete,10
