x-box,numerical,continous,16
y-box,numerical,continous,16
width,numerical,continous,16
high,numerical,continous,16
onpix,numerical,continous,16
x-bar,numerical,continous,16
y-bar,numerical,continous,16
x2bar,numerical,continous,16
y2bar,numerical,continous,16
xybar,numerical,continous,16
x2ybr,numerical,continous,16
xy2br,numerical,continous,16
x-ege,numerical,continous,16
xegvy,numerical,continous,16
y-ege,numerical,continous,16
yegvx,numerical,continous,16
target,numerical,discrete,26
