A1,numerical,continous,6748
A2,numerical,continous,6734
A3,numerical,continous,6768
A4,numerical,continous,6735
A5,numerical,continous,6787
A6,numerical,continous,6743
A7,numerical,continous,6771
A8,numerical,continous,6776
A9,numerical,continous,6742
A10,numerical,continous,6790
A11,numerical,continous,6764
A12,numerical,continous,6789
A13,numerical,continous,6731
A14,numerical,continous,6760
A15,numerical,continous,6732
A16,numerical,continous,6740
A17,numerical,continous,6775
A18,numerical,continous,6732
A19,numerical,continous,6706
A20,numerical,continous,6762
target,numerical,binary,2
