X00,numerical,continous,519
X01,numerical,continous,546
X02,numerical,continous,608
X03,numerical,continous,684
X04,numerical,continous,766
X05,numerical,continous,808
X06,numerical,continous,878
X07,numerical,continous,791
X08,numerical,continous,762
X09,numerical,continous,725
X10,numerical,continous,770
X11,numerical,continous,720
X12,numerical,continous,762
X13,numerical,continous,804
X14,numerical,continous,885
X15,numerical,continous,816
X16,numerical,continous,774
X17,numerical,continous,681
X18,numerical,continous,600
X19,numerical,continous,571
X20,numerical,continous,525
target,numerical,discrete,3
