MOSTYPE,numerical,discrete,40
MAANTHUI,numerical,discrete,9
MGEMOMV,numerical,discrete,6
MGEMLEEF,numerical,discrete,6
MOSHOOFD,numerical,discrete,10
MGODRK,numerical,discrete,10
MGODPR,numerical,discrete,10
MGODOV,numerical,discrete,6
MGODGE,numerical,discrete,10
MRELGE,numerical,discrete,10
MRELSA,numerical,discrete,8
MRELOV,numerical,discrete,10
MFALLEEN,numerical,discrete,10
MFGEKIND,numerical,discrete,10
MFWEKIND,numerical,discrete,10
MOPLHOOG,numerical,discrete,10
MOPLMIDD,numerical,discrete,10
MOPLLAAG,numerical,discrete,10
MBERHOOG,numerical,discrete,10
MBERZELF,numerical,discrete,6
MBERBOER,numerical,discrete,10
MBERMIDD,numerical,discrete,10
MBERARBG,numerical,discrete,10
MBERARBO,numerical,discrete,10
MSKA,numerical,discrete,10
MSKB1,numerical,discrete,10
MSKB2,numerical,discrete,10
MSKC,numerical,discrete,10
MSKD,numerical,discrete,10
MHHUUR,numerical,discrete,10
MHKOOP,numerical,discrete,10
MAUT1,numerical,discrete,10
MAUT2,numerical,discrete,9
MAUT0,numerical,discrete,10
MZFONDS,numerical,discrete,10
MZPART,numerical,discrete,10
MINKM30,numerical,discrete,10
MINK3045,numerical,discrete,10
MINK4575,numerical,discrete,10
MINK7512,numerical,discrete,10
MINK123M,numerical,discrete,9
MINKGEM,numerical,discrete,10
MKOOPKLA,numerical,discrete,8
PWAPART,numerical,discrete,4
PWABEDR,numerical,discrete,7
PWALAND,numerical,discrete,5
PPERSAUT,numerical,discrete,7
PBESAUT,numerical,discrete,4
PMOTSCO,numerical,discrete,6
PVRAAUT,numerical,discrete,5
PAANHANG,numerical,discrete,6
PTRACTOR,numerical,discrete,6
PWERKT,numerical,discrete,6
PBROM,numerical,discrete,6
PLEVEN,numerical,discrete,10
PPERSONG,numerical,discrete,7
PGEZONG,numerical,discrete,3
PWAOREG,numerical,discrete,5
PBRAND,numerical,discrete,9
PZEILPL,numerical,discrete,4
PPLEZIER,numerical,discrete,7
PFIETS,numerical,binary,2
PINBOED,numerical,discrete,7
PBYSTAND,numerical,discrete,5
AWAPART,numerical,discrete,3
AWABEDR,numerical,discrete,3
AWALAND,numerical,binary,2
APERSAUT,numerical,discrete,9
ABESAUT,numerical,discrete,6
AMOTSCO,numerical,discrete,5
AVRAAUT,numerical,discrete,5
AAANHANG,numerical,discrete,4
ATRACTOR,numerical,discrete,7
AWERKT,numerical,discrete,6
ABROM,numerical,discrete,4
ALEVEN,numerical,discrete,7
APERSONG,numerical,binary,2
AGEZONG,numerical,binary,2
AWAOREG,numerical,discrete,3
ABRAND,numerical,discrete,8
AZEILPL,numerical,binary,2
APLEZIER,numerical,discrete,3
AFIETS,numerical,discrete,5
AINBOED,numerical,discrete,3
ABYSTAND,numerical,discrete,3
target,numerical,binary,2
