A0,numerical,discrete,5
A1,numerical,discrete,5
A2,numerical,discrete,4
A3,numerical,discrete,4
A4,numerical,discrete,4
A5,numerical,discrete,4
A6,numerical,discrete,4
A7,numerical,discrete,4
A8,numerical,discrete,4
A9,numerical,discrete,4
A10,numerical,discrete,4
A11,numerical,discrete,4
A12,numerical,discrete,4
A13,numerical,discrete,5
A14,numerical,discrete,4
A15,numerical,discrete,4
A16,numerical,discrete,4
A17,numerical,discrete,4
A18,numerical,discrete,5
A19,numerical,discrete,5
A20,numerical,discrete,5
A21,numerical,discrete,5
A22,numerical,discrete,5
A23,numerical,discrete,5
A24,numerical,discrete,5
A25,numerical,discrete,5
A26,numerical,discrete,5
A27,numerical,discrete,5
A28,numerical,discrete,5
A29,numerical,discrete,5
A30,numerical,discrete,5
A31,numerical,discrete,5
A32,numerical,discrete,5
A33,numerical,discrete,5
A34,numerical,discrete,6
A35,numerical,discrete,6
A36,numerical,discrete,5
A37,numerical,discrete,5
A38,numerical,discrete,5
A39,numerical,discrete,5
A40,numerical,discrete,5
A41,numerical,discrete,5
A42,numerical,discrete,5
A43,numerical,discrete,5
A44,numerical,discrete,5
A45,numerical,discrete,5
A46,numerical,discrete,5
A47,numerical,discrete,5
A48,numerical,discrete,5
A49,numerical,discrete,5
A50,numerical,discrete,5
A51,numerical,discrete,5
A52,numerical,discrete,5
A53,numerical,discrete,5
A54,numerical,discrete,5
A55,numerical,discrete,5
A56,numerical,discrete,5
A57,numerical,discrete,5
A58,numerical,discrete,5
A59,numerical,discrete,5
target,numerical,discrete,3
