target,numerical,discrete,5
bars,numerical,discrete,5
stripes,numerical,discrete,11
colors,numerical,discrete,8
red,numerical,binary,2
green,numerical,binary,2
blue,numerical,binary,2
gold,numerical,binary,2
white,numerical,binary,2
black,numerical,binary,2
orange,numerical,binary,2
circles,numerical,discrete,3
crosses,numerical,discrete,3
saltires,numerical,binary,2
quarters,numerical,discrete,3
sunstars,numerical,discrete,13
crescent,numerical,binary,2
triangle,numerical,binary,2
icon,numerical,binary,2
animate,numerical,binary,2
text,numerical,binary,2
mainhue_green,numerical,binary,2
mainhue_red,numerical,binary,2
mainhue_blue,numerical,binary,2
mainhue_gold,numerical,binary,2
mainhue_white,numerical,binary,2
mainhue_orange,numerical,binary,2
mainhue_black,numerical,binary,2
mainhue_brown,numerical,binary,2
topleft_black,numerical,binary,2
topleft_red,numerical,binary,2
topleft_green,numerical,binary,2
topleft_blue,numerical,binary,2
topleft_white,numerical,binary,2
topleft_orange,numerical,binary,2
topleft_gold,numerical,binary,2
botright_green,numerical,binary,2
botright_red,numerical,binary,2
botright_white,numerical,binary,2
botright_black,numerical,binary,2
botright_blue,numerical,binary,2
botright_gold,numerical,binary,2
botright_orange,numerical,binary,2
botright_brown,numerical,binary,2
