largest_spot_size,numerical,discrete,6
spot_distribution,numerical,discrete,4
Activity,numerical,binary,2
Evolution,numerical,discrete,3
Previous_24_hour_flare_activity_code,numerical,discrete,3
Historically-complex,numerical,binary,2
Did_region_become_historically_complex,numerical,binary,2
Area,numerical,binary,2
Area_of_the_largest_spot,numerical,discrete,1
C-class_flares_production_by_this_region,numerical,discrete,8
M-class_flares_production_by_this_region,numerical,discrete,6
X-class_flares_production_by_this_region,numerical,discrete,3
target,numerical,discrete,6
