normalized-losses,numerical,discrete,52
make,numerical,discrete,22
fuel-type,numerical,binary,2
aspiration,numerical,binary,2
num-of-doors,numerical,discrete,3
body-style,numerical,discrete,5
drive-wheels,numerical,discrete,3
engine-location,numerical,binary,2
wheel-base,numerical,continous,53
length,numerical,continous,75
width,numerical,continous,44
height,numerical,continous,48
curb-weight,numerical,continous,168
engine-type,numerical,discrete,7
num-of-cylinders,numerical,discrete,7
engine-size,numerical,continous,44
fuel-system,numerical,discrete,8
bore,numerical,discrete,39
stroke,numerical,discrete,37
compression-ratio,numerical,continous,32
horsepower,numerical,discrete,60
peak-rpm,numerical,discrete,24
city-mpg,numerical,continous,29
highway-mpg,numerical,continous,30
price,numerical,discrete,184
target,numerical,discrete,5
