Text,numerical,discrete,485
FirstPerson,numerical,continous,133
InnerThinking,numerical,continous,259
ThinkPositive,numerical,continous,151
ThinkNegative,numerical,continous,212
ThinkAhead,numerical,continous,171
ThinkBack,numerical,continous,129
Reasoning,numerical,continous,258
Share_SocTies,numerical,continous,259
Direct_Activity,numerical,continous,78
Interacting,numerical,continous,154
Notifying,numerical,continous,215
LinearGuidance,numerical,continous,345
WordPicture,numerical,continous,364
SpaceInterval,numerical,continous,228
Motion,numerical,continous,123
PastEvents,numerical,continous,276
TimeInterval,numerical,continous,173
ShiftingEvents,numerical,continous,132
Text_Coverage,numerical,continous,431
Genre,numerical,discrete,13
Counter,numerical,continous,485
Corpus,numerical,discrete,1
target,numerical,discrete,13
