N0,numerical,binary,2
N1,numerical,discrete,3
N2,numerical,discrete,3
N3,numerical,discrete,3
N4,numerical,discrete,3
N5,numerical,discrete,3
N6,numerical,discrete,3
N7,numerical,discrete,3
N8,numerical,discrete,3
N9,numerical,discrete,3
N10,numerical,binary,2
N11,numerical,discrete,3
N12,numerical,discrete,3
N13,numerical,discrete,3
N14,numerical,discrete,3
N15,numerical,discrete,3
N16,numerical,discrete,3
N17,numerical,discrete,3
P1,numerical,discrete,3
P2,numerical,discrete,3
target,numerical,binary,2
