att1,numerical,continous,390
att2,numerical,continous,446
att3,numerical,continous,541
att4,numerical,continous,440
att5,numerical,continous,252
att6,numerical,continous,419
att7,numerical,continous,43
att8,numerical,continous,39
att9,numerical,continous,40
att10,numerical,continous,18
att11,numerical,continous,19
att12,numerical,continous,18
att13,numerical,continous,336
att14,numerical,continous,420
att15,numerical,continous,421
att16,numerical,continous,351
att17,numerical,continous,257
att18,numerical,continous,405
att19,numerical,continous,42
att20,numerical,continous,41
att21,numerical,continous,41
att22,numerical,continous,25
att23,numerical,continous,18
att24,numerical,continous,21
att25,numerical,continous,302
att26,numerical,continous,439
att27,numerical,continous,323
att28,numerical,continous,323
att29,numerical,continous,422
att30,numerical,continous,377
att31,numerical,continous,41
att32,numerical,continous,42
att33,numerical,continous,44
att34,numerical,continous,20
att35,numerical,continous,22
att36,numerical,continous,23
att37,numerical,continous,402
att38,numerical,continous,483
att39,numerical,continous,468
att40,numerical,continous,411
att41,numerical,continous,326
att42,numerical,continous,364
att43,numerical,continous,34
att44,numerical,continous,39
att45,numerical,continous,44
att46,numerical,continous,23
att47,numerical,continous,22
att48,numerical,continous,23
att49,numerical,continous,300
att50,numerical,continous,484
att51,numerical,continous,471
att52,numerical,continous,413
att53,numerical,continous,375
att54,numerical,continous,367
att55,numerical,continous,42
att56,numerical,continous,40
att57,numerical,continous,44
att58,numerical,continous,24
att59,numerical,continous,23
att60,numerical,continous,20
att61,numerical,continous,302
att62,numerical,continous,348
att63,numerical,continous,464
att64,numerical,continous,404
att65,numerical,continous,449
att66,numerical,continous,383
att67,numerical,continous,41
att68,numerical,continous,38
att69,numerical,continous,43
att70,numerical,continous,20
att71,numerical,continous,20
att72,numerical,continous,25
att73,numerical,continous,304
att74,numerical,continous,361
att75,numerical,continous,435
att76,numerical,continous,395
att77,numerical,continous,313
att78,numerical,continous,432
att79,numerical,continous,43
att80,numerical,continous,40
att81,numerical,continous,41
att82,numerical,continous,25
att83,numerical,continous,20
att84,numerical,continous,20
att85,numerical,continous,301
att86,numerical,continous,460
att87,numerical,continous,427
att88,numerical,continous,448
att89,numerical,continous,350
att90,numerical,continous,405
att91,numerical,continous,42
att92,numerical,continous,36
att93,numerical,continous,45
att94,numerical,continous,25
att95,numerical,continous,18
att96,numerical,continous,23
att97,numerical,continous,473
att98,numerical,continous,390
att99,numerical,continous,352
att100,numerical,continous,494
att101,numerical,continous,268
att102,numerical,continous,394
att103,numerical,continous,39
att104,numerical,continous,44
att105,numerical,continous,46
att106,numerical,continous,23
att107,numerical,continous,22
att108,numerical,continous,20
att109,numerical,continous,450
att110,numerical,continous,342
att111,numerical,continous,590
att112,numerical,continous,297
att113,numerical,continous,407
att114,numerical,continous,401
att115,numerical,continous,44
att116,numerical,continous,30
att117,numerical,continous,41
att118,numerical,continous,18
att119,numerical,continous,23
att120,numerical,continous,24
att121,numerical,continous,279
att122,numerical,continous,341
att123,numerical,continous,548
att124,numerical,continous,398
att125,numerical,continous,411
att126,numerical,continous,374
att127,numerical,continous,43
att128,numerical,continous,32
att129,numerical,continous,45
att130,numerical,continous,23
att131,numerical,continous,19
att132,numerical,continous,26
att133,numerical,continous,364
att134,numerical,continous,349
att135,numerical,continous,590
att136,numerical,continous,441
att137,numerical,continous,335
att138,numerical,continous,326
att139,numerical,continous,37
att140,numerical,continous,35
att141,numerical,continous,35
att142,numerical,continous,23
att143,numerical,continous,19
att144,numerical,continous,23
att145,numerical,continous,278
att146,numerical,continous,434
att147,numerical,continous,501
att148,numerical,continous,492
att149,numerical,continous,302
att150,numerical,continous,355
att151,numerical,continous,37
att152,numerical,continous,32
att153,numerical,continous,35
att154,numerical,continous,22
att155,numerical,continous,18
att156,numerical,continous,25
att157,numerical,continous,379
att158,numerical,continous,398
att159,numerical,continous,357
att160,numerical,continous,403
att161,numerical,continous,327
att162,numerical,continous,449
att163,numerical,continous,44
att164,numerical,continous,34
att165,numerical,continous,46
att166,numerical,continous,25
att167,numerical,continous,22
att168,numerical,continous,19
att169,numerical,continous,359
att170,numerical,continous,394
att171,numerical,continous,435
att172,numerical,continous,314
att173,numerical,continous,454
att174,numerical,continous,381
att175,numerical,continous,44
att176,numerical,continous,39
att177,numerical,continous,45
att178,numerical,continous,18
att179,numerical,continous,22
att180,numerical,continous,26
att181,numerical,continous,499
att182,numerical,continous,402
att183,numerical,continous,540
att184,numerical,continous,416
att185,numerical,continous,460
att186,numerical,continous,434
att187,numerical,continous,43
att188,numerical,continous,43
att189,numerical,continous,45
att190,numerical,continous,18
att191,numerical,continous,25
att192,numerical,continous,25
att193,numerical,continous,445
att194,numerical,continous,517
att195,numerical,continous,474
att196,numerical,continous,458
att197,numerical,continous,255
att198,numerical,continous,463
att199,numerical,continous,46
att200,numerical,continous,41
att201,numerical,continous,44
att202,numerical,continous,25
att203,numerical,continous,25
att204,numerical,continous,19
att205,numerical,continous,303
att206,numerical,continous,330
att207,numerical,continous,550
att208,numerical,continous,472
att209,numerical,continous,292
att210,numerical,continous,391
att211,numerical,continous,30
att212,numerical,continous,38
att213,numerical,continous,36
att214,numerical,continous,15
att215,numerical,continous,15
att216,numerical,continous,24
target,numerical,discrete,10
