handicapped-infants,numerical,discrete,3
water-project-cost-sharing,numerical,discrete,3
adoption-of-the-budget-resolution,numerical,discrete,3
physician-fee-freeze,numerical,discrete,3
el-salvador-adi,numerical,discrete,3
religious-groups-in-schools,numerical,discrete,3
anti-satellite-test-ban,numerical,discrete,3
aid-to-nicaraguan-contras,numerical,discrete,3
mx-missile,numerical,discrete,3
immigration,numerical,discrete,3
synfuels-corporation-cutback,numerical,discrete,3
education-spending,numerical,discrete,3
superfund-right-to-sue,numerical,discrete,3
crime,numerical,discrete,3
duty-free-exports,numerical,discrete,3
export-administration-act-south-africa,numerical,discrete,3
target,numerical,binary,2
